threat_model,attack_family,rho,boundary,detector,n_eval,threshold_gamma,tpr_at_1fpr,eval_fpr,evaded_rate,harmful_evasion_rate,harm_proxy_mean,localization_acc,tpr_ci_lo,tpr_ci_hi,rho_eff
TM1b_knownP,joint_null,0.002,C3,Combined,520,0.9900995,0.009615,0.009615,0.990385,0.790385,0.048055,0.6,0.004114,0.022309,0.002
TM1b_knownP,joint_null,0.002,C3,ProjCos4,520,0.00061048,0.015385,0.015385,0.984615,0.786538,0.048055,0.75,0.007816,0.030061,0.002
TM1b_knownP,joint_null,0.002,C3,SignRadial,520,0.008965,0.013462,0.009615,0.986538,0.784615,0.048055,0.571429,0.006536,0.027523,0.002
TM1b_knownP,joint_null,0.005,C3,Combined,520,0.9900995,0.015385,0.009615,0.984615,0.984615,0.120113,0.75,0.007816,0.030061,0.005
TM1b_knownP,joint_null,0.005,C3,ProjCos4,520,0.00061048,0.015385,0.015385,0.984615,0.984615,0.120113,0.75,0.007816,0.030061,0.005
TM1b_knownP,joint_null,0.005,C3,SignRadial,520,0.008965,0.021154,0.009615,0.978846,0.978846,0.120113,0.727273,0.011852,0.037478,0.005
TM1b_knownP,joint_null,0.01,C3,Combined,520,0.9900995,0.030769,0.009615,0.969231,0.969231,0.240017,0.875,0.019027,0.049394,0.01
TM1b_knownP,joint_null,0.01,C3,ProjCos4,520,0.00061048,0.015385,0.015385,0.984615,0.984615,0.240017,0.75,0.007816,0.030061,0.01
TM1b_knownP,joint_null,0.01,C3,SignRadial,520,0.008965,0.038462,0.009615,0.961538,0.961538,0.240017,0.85,0.025034,0.058658,0.01
TM1b_knownP,joint_null,0.02,C3,Combined,520,0.9900995,0.138462,0.009615,0.861538,0.861538,0.478222,0.972222,0.111417,0.170808,0.02
TM1b_knownP,joint_null,0.02,C3,ProjCos4,520,0.00061048,0.015385,0.015385,0.984615,0.984615,0.478222,0.75,0.007816,0.030061,0.02
TM1b_knownP,joint_null,0.02,C3,SignRadial,520,0.008965,0.171154,0.009615,0.828846,0.828846,0.478222,0.94382,0.141222,0.205909,0.02
TM1b_knownP,joint_null,0.05,C3,Combined,520,0.9900995,0.432692,0.009615,0.567308,0.567308,1.163901,0.986667,0.390756,0.475616,0.05
TM1b_knownP,joint_null,0.05,C3,ProjCos4,520,0.00061048,0.015385,0.015385,0.984615,0.984615,1.163901,0.75,0.007816,0.030061,0.05
TM1b_knownP,joint_null,0.05,C3,SignRadial,520,0.008965,0.484615,0.009615,0.515385,0.515385,1.163901,0.964286,0.441931,0.527525,0.05
TM1b_knownP,joint_null,0.1,C3,Combined,520,0.9900995,0.682692,0.009615,0.317308,0.317308,2.135021,0.983099,0.641473,0.721232,0.1
TM1b_knownP,joint_null,0.1,C3,ProjCos4,520,0.00061048,0.015385,0.015385,0.984615,0.984615,2.135021,0.75,0.007816,0.030061,0.1
TM1b_knownP,joint_null,0.1,C3,SignRadial,520,0.008965,0.711538,0.009615,0.288462,0.288462,2.135021,0.967568,0.67116,0.748815,0.1
TM1b_knownP,null_space_projcos,0.002,C3,Combined,520,0.9900995,0.009615,0.009615,0.990385,0.790385,0.048055,0.6,0.004114,0.022309,0.002
TM1b_knownP,null_space_projcos,0.002,C3,ProjCos4,520,0.00061048,0.015385,0.015385,0.984615,0.786538,0.048055,0.75,0.007816,0.030061,0.002
TM1b_knownP,null_space_projcos,0.002,C3,SignRadial,520,0.008965,0.013462,0.009615,0.986538,0.784615,0.048055,0.571429,0.006536,0.027523,0.002
TM1b_knownP,null_space_projcos,0.005,C3,Combined,520,0.9900995,0.015385,0.009615,0.984615,0.984615,0.120114,0.75,0.007816,0.030061,0.005
TM1b_knownP,null_space_projcos,0.005,C3,ProjCos4,520,0.00061048,0.015385,0.015385,0.984615,0.984615,0.120114,0.75,0.007816,0.030061,0.005
TM1b_knownP,null_space_projcos,0.005,C3,SignRadial,520,0.008965,0.021154,0.009615,0.978846,0.978846,0.120114,0.727273,0.011852,0.037478,0.005
TM1b_knownP,null_space_projcos,0.01,C3,Combined,520,0.9900995,0.030769,0.009615,0.969231,0.969231,0.240019,0.875,0.019027,0.049394,0.01
TM1b_knownP,null_space_projcos,0.01,C3,ProjCos4,520,0.00061048,0.015385,0.015385,0.984615,0.984615,0.240019,0.75,0.007816,0.030061,0.01
TM1b_knownP,null_space_projcos,0.01,C3,SignRadial,520,0.008965,0.038462,0.009615,0.961538,0.961538,0.240019,0.85,0.025034,0.058658,0.01
TM1b_knownP,null_space_projcos,0.02,C3,Combined,520,0.9900995,0.138462,0.009615,0.861538,0.861538,0.478225,0.972222,0.111417,0.170808,0.02
TM1b_knownP,null_space_projcos,0.02,C3,ProjCos4,520,0.00061048,0.015385,0.015385,0.984615,0.984615,0.478225,0.75,0.007816,0.030061,0.02
TM1b_knownP,null_space_projcos,0.02,C3,SignRadial,520,0.008965,0.171154,0.009615,0.828846,0.828846,0.478225,0.94382,0.141222,0.205909,0.02
TM1b_knownP,null_space_projcos,0.05,C3,Combined,520,0.9900995,0.432692,0.009615,0.567308,0.567308,1.163906,0.986667,0.390756,0.475616,0.05
TM1b_knownP,null_space_projcos,0.05,C3,ProjCos4,520,0.00061048,0.015385,0.015385,0.984615,0.984615,1.163906,0.75,0.007816,0.030061,0.05
TM1b_knownP,null_space_projcos,0.05,C3,SignRadial,520,0.008965,0.488462,0.009615,0.511538,0.511538,1.163906,0.964567,0.44574,0.531352,0.05
TM1b_knownP,null_space_projcos,0.1,C3,Combined,520,0.9900995,0.678846,0.009615,0.321154,0.321154,2.135026,0.983003,0.637529,0.717541,0.1
TM1b_knownP,null_space_projcos,0.1,C3,ProjCos4,520,0.00061048,0.015385,0.015385,0.984615,0.984615,2.135026,0.75,0.007816,0.030061,0.1
TM1b_knownP,null_space_projcos,0.1,C3,SignRadial,520,0.008965,0.711538,0.009615,0.288462,0.288462,2.135026,0.967568,0.67116,0.748815,0.1
TM1b_knownP,sign_balanced_sr,0.002,C3,Combined,520,0.9900995,0.009615,0.009615,0.990385,0.790385,0.047884,0.6,0.004114,0.022309,0.002
TM1b_knownP,sign_balanced_sr,0.002,C3,ProjCos4,520,0.00061048,0.015385,0.015385,0.984615,0.786538,0.047884,0.75,0.007816,0.030061,0.002
TM1b_knownP,sign_balanced_sr,0.002,C3,SignRadial,520,0.008965,0.013462,0.009615,0.986538,0.784615,0.047884,0.571429,0.006536,0.027523,0.002
TM1b_knownP,sign_balanced_sr,0.005,C3,Combined,520,0.9900995,0.019231,0.009615,0.980769,0.980769,0.119686,0.8,0.010479,0.035034,0.005
TM1b_knownP,sign_balanced_sr,0.005,C3,ProjCos4,520,0.00061048,0.019231,0.015385,0.980769,0.980769,0.119686,0.8,0.010479,0.035034,0.005
TM1b_knownP,sign_balanced_sr,0.005,C3,SignRadial,520,0.008965,0.021154,0.009615,0.978846,0.978846,0.119686,0.727273,0.011852,0.037478,0.005
TM1b_knownP,sign_balanced_sr,0.01,C3,Combined,520,0.9900995,0.061538,0.009615,0.938462,0.938462,0.239165,0.90625,0.043925,0.085583,0.01
TM1b_knownP,sign_balanced_sr,0.01,C3,ProjCos4,520,0.00061048,0.048077,0.015385,0.951923,0.951923,0.239165,0.88,0.032774,0.070008,0.01
TM1b_knownP,sign_balanced_sr,0.01,C3,SignRadial,520,0.008965,0.036538,0.009615,0.963462,0.963462,0.239165,0.842105,0.023514,0.05636,0.01
TM1b_knownP,sign_balanced_sr,0.02,C3,Combined,520,0.9900995,0.544231,0.009615,0.455769,0.455769,0.476526,0.975265,0.501256,0.586557,0.02
TM1b_knownP,sign_balanced_sr,0.02,C3,ProjCos4,520,0.00061048,0.596154,0.015385,0.403846,0.403846,0.476526,0.967742,0.553425,0.637473,0.02
TM1b_knownP,sign_balanced_sr,0.02,C3,SignRadial,520,0.008965,0.167308,0.009615,0.832692,0.832692,0.476526,0.942529,0.137691,0.201803,0.02
TM1b_knownP,sign_balanced_sr,0.05,C3,Combined,520,0.9900995,0.994231,0.009615,0.005769,0.005769,1.159796,0.978723,0.983177,0.998036,0.05
TM1b_knownP,sign_balanced_sr,0.05,C3,ProjCos4,520,0.00061048,0.996154,0.015385,0.003846,0.003846,1.159796,0.967181,0.986086,0.998945,0.05
TM1b_knownP,sign_balanced_sr,0.05,C3,SignRadial,520,0.008965,0.475,0.009615,0.525,0.525,1.159796,0.963563,0.432419,0.517947,0.05
TM1b_knownP,sign_balanced_sr,0.1,C3,Combined,520,0.9900995,1.0,0.009615,0.0,0.0,2.127557,0.978846,0.992667,1.0,0.1
TM1b_knownP,sign_balanced_sr,0.1,C3,ProjCos4,520,0.00061048,0.998077,0.015385,0.001923,0.001923,2.127557,0.967245,0.989188,0.99966,0.1
TM1b_knownP,sign_balanced_sr,0.1,C3,SignRadial,520,0.008965,0.709615,0.009615,0.290385,0.290385,2.127557,0.96748,0.669175,0.746981,0.1
TM1b_knownP,tol_hug_combined,0.002,C3,Combined,520,0.9900995,0.009615,0.009615,0.990385,0.642308,0.038728,0.6,0.004114,0.022309,0.001651
TM1b_knownP,tol_hug_combined,0.002,C3,ProjCos4,520,0.00061048,0.015385,0.015385,0.984615,0.644231,0.038728,0.75,0.007816,0.030061,0.001651
TM1b_knownP,tol_hug_combined,0.002,C3,SignRadial,520,0.008965,0.011538,0.009615,0.988462,0.636538,0.038728,0.5,0.005299,0.024942,0.001651
TM1b_knownP,tol_hug_combined,0.005,C3,Combined,520,0.9900995,0.015385,0.009615,0.984615,0.823077,0.09608,0.75,0.007816,0.030061,0.0041
TM1b_knownP,tol_hug_combined,0.005,C3,ProjCos4,520,0.00061048,0.015385,0.015385,0.984615,0.830769,0.09608,0.75,0.007816,0.030061,0.0041
TM1b_knownP,tol_hug_combined,0.005,C3,SignRadial,520,0.008965,0.019231,0.009615,0.980769,0.815385,0.09608,0.7,0.010479,0.035034,0.0041
TM1b_knownP,tol_hug_combined,0.01,C3,Combined,520,0.9900995,0.026923,0.009615,0.973077,0.826923,0.177055,0.857143,0.016104,0.04468,0.007523
TM1b_knownP,tol_hug_combined,0.01,C3,ProjCos4,520,0.00061048,0.015385,0.015385,0.984615,0.846154,0.177055,0.75,0.007816,0.030061,0.007523
TM1b_knownP,tol_hug_combined,0.01,C3,SignRadial,520,0.008965,0.030769,0.009615,0.969231,0.819231,0.177055,0.8125,0.019027,0.049394,0.007523
TM1b_knownP,tol_hug_combined,0.02,C3,Combined,520,0.9900995,0.046154,0.009615,0.953846,0.809615,0.224247,0.916667,0.031209,0.067755,0.009332
TM1b_knownP,tol_hug_combined,0.02,C3,ProjCos4,520,0.00061048,0.015385,0.015385,0.984615,0.848077,0.224247,0.75,0.007816,0.030061,0.009332
TM1b_knownP,tol_hug_combined,0.02,C3,SignRadial,520,0.008965,0.069231,0.009615,0.930769,0.782692,0.224247,0.916667,0.050423,0.094356,0.009332
TM1b_knownP,tol_hug_combined,0.05,C3,Combined,520,0.9900995,0.048077,0.009615,0.951923,0.805769,0.228333,0.92,0.032774,0.070008,0.009461
TM1b_knownP,tol_hug_combined,0.05,C3,ProjCos4,520,0.00061048,0.015385,0.015385,0.984615,0.846154,0.228333,0.75,0.007816,0.030061,0.009461
TM1b_knownP,tol_hug_combined,0.05,C3,SignRadial,520,0.008965,0.069231,0.009615,0.930769,0.780769,0.228333,0.916667,0.050423,0.094356,0.009461
TM1b_knownP,tol_hug_combined,0.1,C3,Combined,520,0.9900995,0.048077,0.009615,0.951923,0.803846,0.228024,0.92,0.032774,0.070008,0.009449
TM1b_knownP,tol_hug_combined,0.1,C3,ProjCos4,520,0.00061048,0.015385,0.015385,0.984615,0.844231,0.228024,0.75,0.007816,0.030061,0.009449
TM1b_knownP,tol_hug_combined,0.1,C3,SignRadial,520,0.008965,0.069231,0.009615,0.930769,0.778846,0.228024,0.916667,0.050423,0.094356,0.009449
TM1b_knownP,tol_hug_projcos,0.002,C3,Combined,520,0.9900995,0.009615,0.009615,0.990385,0.778846,0.04682,0.6,0.004114,0.022309,0.001965
TM1b_knownP,tol_hug_projcos,0.002,C3,ProjCos4,520,0.00061048,0.015385,0.015385,0.984615,0.780769,0.04682,0.75,0.007816,0.030061,0.001965
TM1b_knownP,tol_hug_projcos,0.002,C3,SignRadial,520,0.008965,0.013462,0.009615,0.986538,0.769231,0.04682,0.571429,0.006536,0.027523,0.001965
TM1b_knownP,tol_hug_projcos,0.005,C3,Combined,520,0.9900995,0.015385,0.009615,0.984615,0.971154,0.116854,0.75,0.007816,0.030061,0.004909
TM1b_knownP,tol_hug_projcos,0.005,C3,ProjCos4,520,0.00061048,0.015385,0.015385,0.984615,0.978846,0.116854,0.75,0.007816,0.030061,0.004909
TM1b_knownP,tol_hug_projcos,0.005,C3,SignRadial,520,0.008965,0.021154,0.009615,0.978846,0.961538,0.116854,0.727273,0.011852,0.037478,0.004909
TM1b_knownP,tol_hug_projcos,0.01,C3,Combined,520,0.9900995,0.030769,0.009615,0.969231,0.955769,0.231463,0.875,0.019027,0.049394,0.009739
TM1b_knownP,tol_hug_projcos,0.01,C3,ProjCos4,520,0.00061048,0.015385,0.015385,0.984615,0.978846,0.231463,0.75,0.007816,0.030061,0.009739
TM1b_knownP,tol_hug_projcos,0.01,C3,SignRadial,520,0.008965,0.036538,0.009615,0.963462,0.946154,0.231463,0.842105,0.023514,0.05636,0.009739
TM1b_knownP,tol_hug_projcos,0.02,C3,Combined,520,0.9900995,0.111538,0.009615,0.888462,0.875,0.401004,0.965517,0.08728,0.141495,0.016763
TM1b_knownP,tol_hug_projcos,0.02,C3,ProjCos4,520,0.00061048,0.015385,0.015385,0.984615,0.978846,0.401004,0.75,0.007816,0.030061,0.016763
TM1b_knownP,tol_hug_projcos,0.02,C3,SignRadial,520,0.008965,0.138462,0.009615,0.861538,0.844231,0.401004,0.944444,0.111417,0.170808,0.016763
TM1b_knownP,tol_hug_projcos,0.05,C3,Combined,520,0.9900995,0.130769,0.009615,0.869231,0.855769,0.455708,0.970588,0.104479,0.162475,0.018772
TM1b_knownP,tol_hug_projcos,0.05,C3,ProjCos4,520,0.00061048,0.015385,0.015385,0.984615,0.978846,0.455708,0.75,0.007816,0.030061,0.018772
TM1b_knownP,tol_hug_projcos,0.05,C3,SignRadial,520,0.008965,0.155769,0.009615,0.844231,0.826923,0.455708,0.938272,0.127137,0.18945,0.018772
TM1b_knownP,tol_hug_projcos,0.1,C3,Combined,520,0.9900995,0.132692,0.009615,0.867308,0.853846,0.457636,0.971014,0.10621,0.164561,0.018868
TM1b_knownP,tol_hug_projcos,0.1,C3,ProjCos4,520,0.00061048,0.015385,0.015385,0.984615,0.978846,0.457636,0.75,0.007816,0.030061,0.018868
TM1b_knownP,tol_hug_projcos,0.1,C3,SignRadial,520,0.008965,0.157692,0.009615,0.842308,0.825,0.457636,0.939024,0.128892,0.191513,0.018868
TM1b_knownP,tol_hug_sr,0.002,C3,Combined,520,0.9900995,0.009615,0.009615,0.990385,0.778846,0.047383,0.6,0.004114,0.022309,0.001981
TM1b_knownP,tol_hug_sr,0.002,C3,ProjCos4,520,0.00061048,0.015385,0.015385,0.984615,0.775,0.047383,0.75,0.007816,0.030061,0.001981
TM1b_knownP,tol_hug_sr,0.002,C3,SignRadial,520,0.008965,0.013462,0.009615,0.986538,0.773077,0.047383,0.571429,0.006536,0.027523,0.001981
TM1b_knownP,tol_hug_sr,0.005,C3,Combined,520,0.9900995,0.019231,0.009615,0.980769,0.969231,0.118067,0.8,0.010479,0.035034,0.004935
TM1b_knownP,tol_hug_sr,0.005,C3,ProjCos4,520,0.00061048,0.019231,0.015385,0.980769,0.969231,0.118067,0.8,0.010479,0.035034,0.004935
TM1b_knownP,tol_hug_sr,0.005,C3,SignRadial,520,0.008965,0.019231,0.009615,0.980769,0.969231,0.118067,0.7,0.010479,0.035034,0.004935
TM1b_knownP,tol_hug_sr,0.01,C3,Combined,520,0.9900995,0.057692,0.009615,0.942308,0.930769,0.233499,0.933333,0.040708,0.081164,0.009769
TM1b_knownP,tol_hug_sr,0.01,C3,ProjCos4,520,0.00061048,0.046154,0.015385,0.953846,0.942308,0.233499,0.916667,0.031209,0.067755,0.009769
TM1b_knownP,tol_hug_sr,0.01,C3,SignRadial,520,0.008965,0.032692,0.009615,0.967308,0.955769,0.233499,0.823529,0.02051,0.051728,0.009769
TM1b_knownP,tol_hug_sr,0.02,C3,Combined,520,0.9900995,0.498077,0.009615,0.501923,0.492308,0.453498,0.976834,0.455274,0.540908,0.018981
TM1b_knownP,tol_hug_sr,0.02,C3,ProjCos4,520,0.00061048,0.542308,0.015385,0.457692,0.448077,0.453498,0.968085,0.499333,0.584662,0.018981
TM1b_knownP,tol_hug_sr,0.02,C3,SignRadial,520,0.008965,0.153846,0.009615,0.846154,0.836538,0.453498,0.9375,0.125383,0.187386,0.018981
TM1b_knownP,tol_hug_sr,0.05,C3,Combined,520,0.9900995,0.871154,0.009615,0.128846,0.119231,0.977128,0.980132,0.839613,0.897251,0.041162
TM1b_knownP,tol_hug_sr,0.05,C3,ProjCos4,520,0.00061048,0.882692,0.015385,0.117308,0.107692,0.977128,0.971678,0.852187,0.907584,0.041162
TM1b_knownP,tol_hug_sr,0.05,C3,SignRadial,520,0.008965,0.375,0.009615,0.625,0.615385,0.977128,0.958974,0.334449,0.417384,0.041162
TM1b_knownP,tol_hug_sr,0.1,C3,Combined,520,0.9900995,0.875,0.009615,0.125,0.115385,1.480072,0.98022,0.843796,0.900704,0.064627
TM1b_knownP,tol_hug_sr,0.1,C3,ProjCos4,520,0.00061048,0.884615,0.015385,0.115385,0.105769,1.480072,0.971739,0.854291,0.909299,0.064627
TM1b_knownP,tol_hug_sr,0.1,C3,SignRadial,520,0.008965,0.513462,0.009615,0.486538,0.476923,1.480072,0.958801,0.470561,0.556165,0.064627
