prompt_id,checkpoint,rho,K,conditional_fpr,exact_detection_power
eval_001,prefill__C1,0.01,8,0.01,0.7008298679112681
eval_001,prefill__C1,0.01,16,0.01,0.921723012886253
eval_001,prefill__C1,0.01,32,0.01,0.9961888501089656
eval_001,prefill__C1,0.01,64,0.01,0.9999953858518431
eval_001,prefill__C1,0.01,128,0.01,0.9999999999978977
eval_001,prefill__C1,0.01,256,0.01,1.0
eval_001,prefill__C1,0.01,512,0.01,1.0
eval_001,prefill__C1,0.01,1024,0.01,1.0
eval_001,prefill__C1,0.02,8,0.01,0.9880138896088684
eval_001,prefill__C1,0.02,16,0.01,0.9999013074096715
eval_001,prefill__C1,0.02,32,0.01,0.9999999963142617
eval_001,prefill__C1,0.02,64,0.01,1.0
eval_001,prefill__C1,0.02,128,0.01,1.0
eval_001,prefill__C1,0.02,256,0.01,1.0
eval_001,prefill__C1,0.02,512,0.01,1.0
eval_001,prefill__C1,0.02,1024,0.01,1.0
eval_001,prefill__C1,0.05,8,0.01,0.9999813096221803
eval_001,prefill__C1,0.05,16,0.01,0.9999999997875266
eval_001,prefill__C1,0.05,32,0.01,1.0
eval_001,prefill__C1,0.05,64,0.01,1.0
eval_001,prefill__C1,0.05,128,0.01,1.0
eval_001,prefill__C1,0.05,256,0.01,1.0
eval_001,prefill__C1,0.05,512,0.01,1.0
eval_001,prefill__C1,0.05,1024,0.01,1.0
eval_001,prefill__C2,0.01,8,0.01,0.6957374325109325
eval_001,prefill__C2,0.01,16,0.01,0.9188570905237204
eval_001,prefill__C2,0.01,32,0.01,0.9958837799189659
eval_001,prefill__C2,0.01,64,0.01,0.9999945666108138
eval_001,prefill__C2,0.01,128,0.01,0.9999999999970397
eval_001,prefill__C2,0.01,256,0.01,1.0
eval_001,prefill__C2,0.01,512,0.01,1.0
eval_001,prefill__C2,0.01,1024,0.01,1.0
eval_001,prefill__C2,0.02,8,0.01,0.9875908994354023
eval_001,prefill__C2,0.02,16,0.01,0.9998940660782915
eval_001,prefill__C2,0.02,32,0.01,0.999999995741967
eval_001,prefill__C2,0.02,64,0.01,1.0
eval_001,prefill__C2,0.02,128,0.01,1.0
eval_001,prefill__C2,0.02,256,0.01,1.0
eval_001,prefill__C2,0.02,512,0.01,1.0
eval_001,prefill__C2,0.02,1024,0.01,1.0
eval_001,prefill__C2,0.05,8,0.01,0.9999804750164656
eval_001,prefill__C2,0.05,16,0.01,0.9999999997680564
eval_001,prefill__C2,0.05,32,0.01,1.0
eval_001,prefill__C2,0.05,64,0.01,1.0
eval_001,prefill__C2,0.05,128,0.01,1.0
eval_001,prefill__C2,0.05,256,0.01,1.0
eval_001,prefill__C2,0.05,512,0.01,1.0
eval_001,prefill__C2,0.05,1024,0.01,1.0
eval_001,prefill__C3,0.01,8,0.01,0.05154511701542136
eval_001,prefill__C3,0.01,16,0.01,0.07807118428725685
eval_001,prefill__C3,0.01,32,0.01,0.13133596696889685
eval_001,prefill__C3,0.01,64,0.01,0.24214891826508014
eval_001,prefill__C3,0.01,128,0.01,0.4582338379499053
eval_001,prefill__C3,0.01,256,0.01,0.7690414970940418
eval_001,prefill__C3,0.01,512,0.01,0.9728452667139763
eval_001,prefill__C3,0.01,1024,0.01,0.9998441351015959
eval_001,prefill__C3,0.02,8,0.01,0.3356853111852797
eval_001,prefill__C3,0.02,16,0.01,0.56441623460227
eval_001,prefill__C3,0.02,32,0.01,0.8381788370022942
eval_001,prefill__C3,0.02,64,0.01,0.9842626316294641
eval_001,prefill__C3,0.02,128,0.01,0.9999264444391988
eval_001,prefill__C3,0.02,256,0.01,0.9999999995363521
eval_001,prefill__C3,0.02,512,0.01,1.0
eval_001,prefill__C3,0.02,1024,0.01,1.0
eval_001,prefill__C3,0.05,8,0.01,0.9687156686412718
eval_001,prefill__C3,0.05,16,0.01,0.999295786351224
eval_001,prefill__C3,0.05,32,0.01,0.9999997949522742
eval_001,prefill__C3,0.05,64,0.01,0.9999999999999934
eval_001,prefill__C3,0.05,128,0.01,1.0
eval_001,prefill__C3,0.05,256,0.01,1.0
eval_001,prefill__C3,0.05,512,0.01,1.0
eval_001,prefill__C3,0.05,1024,0.01,1.0
eval_002,prefill__C1,0.01,8,0.01,0.9583420060340702
eval_002,prefill__C1,0.01,16,0.01,0.9987300890088747
eval_002,prefill__C1,0.01,32,0.01,0.9999993109248804
eval_002,prefill__C1,0.01,64,0.01,0.9999999999999217
eval_002,prefill__C1,0.01,128,0.01,1.0
eval_002,prefill__C1,0.01,256,0.01,1.0
eval_002,prefill__C1,0.01,512,0.01,1.0
eval_002,prefill__C1,0.01,1024,0.01,1.0
eval_002,prefill__C1,0.02,8,0.01,0.9994984670463138
eval_002,prefill__C1,0.02,16,0.01,0.9999998413433656
eval_002,prefill__C1,0.02,32,0.01,0.9999999999999919
eval_002,prefill__C1,0.02,64,0.01,1.0
eval_002,prefill__C1,0.02,128,0.01,1.0
eval_002,prefill__C1,0.02,256,0.01,1.0
eval_002,prefill__C1,0.02,512,0.01,1.0
eval_002,prefill__C1,0.02,1024,0.01,1.0
eval_002,prefill__C1,0.05,8,0.01,0.9999995305208539
eval_002,prefill__C1,0.05,16,0.01,0.9999999999998681
eval_002,prefill__C1,0.05,32,0.01,1.0
eval_002,prefill__C1,0.05,64,0.01,1.0
eval_002,prefill__C1,0.05,128,0.01,1.0
eval_002,prefill__C1,0.05,256,0.01,1.0
eval_002,prefill__C1,0.05,512,0.01,1.0
eval_002,prefill__C1,0.05,1024,0.01,1.0
eval_002,prefill__C2,0.01,8,0.01,0.9526555994717837
eval_002,prefill__C2,0.01,16,0.01,0.9983464304613834
eval_002,prefill__C2,0.01,32,0.01,0.9999988129880982
eval_002,prefill__C2,0.01,64,0.01,0.9999999999997615
eval_002,prefill__C2,0.01,128,0.01,1.0
eval_002,prefill__C2,0.01,256,0.01,1.0
eval_002,prefill__C2,0.01,512,0.01,1.0
eval_002,prefill__C2,0.01,1024,0.01,1.0
eval_002,prefill__C2,0.02,8,0.01,0.9994022459553108
eval_002,prefill__C2,0.02,16,0.01,0.9999997739512219
eval_002,prefill__C2,0.02,32,0.01,0.9999999999999833
eval_002,prefill__C2,0.02,64,0.01,1.0
eval_002,prefill__C2,0.02,128,0.01,1.0
eval_002,prefill__C2,0.02,256,0.01,1.0
eval_002,prefill__C2,0.02,512,0.01,1.0
eval_002,prefill__C2,0.02,1024,0.01,1.0
eval_002,prefill__C2,0.05,8,0.01,0.9999994307454381
eval_002,prefill__C2,0.05,16,0.01,0.999999999999806
eval_002,prefill__C2,0.05,32,0.01,1.0
eval_002,prefill__C2,0.05,64,0.01,1.0
eval_002,prefill__C2,0.05,128,0.01,1.0
eval_002,prefill__C2,0.05,256,0.01,1.0
eval_002,prefill__C2,0.05,512,0.01,1.0
eval_002,prefill__C2,0.05,1024,0.01,1.0
eval_002,prefill__C3,0.01,8,0.01,0.04030104064955032
eval_002,prefill__C3,0.01,16,0.01,0.0580712594468978
eval_002,prefill__C3,0.01,32,0.01,0.09282764008002946
eval_002,prefill__C3,0.01,64,0.01,0.1650202433017028
eval_002,prefill__C3,0.01,128,0.01,0.3155778093140642
eval_002,prefill__C3,0.01,256,0.01,0.5863855256054807
eval_002,prefill__C3,0.01,512,0.01,0.8860547455012912
eval_002,prefill__C3,0.01,1024,0.01,0.9953712350244042
eval_002,prefill__C3,0.02,8,0.01,0.25360374167602584
eval_002,prefill__C3,0.02,16,0.01,0.4396661742948356
eval_002,prefill__C3,0.02,32,0.01,0.7147961740144297
eval_002,prefill__C3,0.02,64,0.01,0.9432351511979719
eval_002,prefill__C3,0.02,128,0.01,0.9987233403696447
eval_002,prefill__C3,0.02,256,0.01,0.999999773210565
eval_002,prefill__C3,0.02,512,0.01,0.9999999999999988
eval_002,prefill__C3,0.02,1024,0.01,1.0
eval_002,prefill__C3,0.05,8,0.01,0.9446368325042378
eval_002,prefill__C3,0.05,16,0.01,0.9977152856206963
eval_002,prefill__C3,0.05,32,0.01,0.9999976870091145
eval_002,prefill__C3,0.05,64,0.01,0.9999999999990627
eval_002,prefill__C3,0.05,128,0.01,1.0
eval_002,prefill__C3,0.05,256,0.01,1.0
eval_002,prefill__C3,0.05,512,0.01,1.0
eval_002,prefill__C3,0.05,1024,0.01,1.0
eval_003,prefill__C1,0.01,8,0.01,0.6984202693460018
eval_003,prefill__C1,0.01,16,0.01,0.9203739069759752
eval_003,prefill__C1,0.01,32,0.01,0.9960468250355972
eval_003,prefill__C1,0.01,64,0.01,0.9999950133231755
eval_003,prefill__C1,0.01,128,0.01,0.9999999999975265
eval_003,prefill__C1,0.01,256,0.01,1.0
eval_003,prefill__C1,0.01,512,0.01,1.0
eval_003,prefill__C1,0.01,1024,0.01,1.0
eval_003,prefill__C1,0.02,8,0.01,0.9878150401522691
eval_003,prefill__C1,0.02,16,0.01,0.9998979360032477
eval_003,prefill__C1,0.02,32,0.01,0.9999999960530617
eval_003,prefill__C1,0.02,64,0.01,1.0
eval_003,prefill__C1,0.02,128,0.01,1.0
eval_003,prefill__C1,0.02,256,0.01,1.0
eval_003,prefill__C1,0.02,512,0.01,1.0
eval_003,prefill__C1,0.02,1024,0.01,1.0
eval_003,prefill__C1,0.05,8,0.01,0.9999809184694843
eval_003,prefill__C1,0.05,16,0.01,0.9999999997785083
eval_003,prefill__C1,0.05,32,0.01,1.0
eval_003,prefill__C1,0.05,64,0.01,1.0
eval_003,prefill__C1,0.05,128,0.01,1.0
eval_003,prefill__C1,0.05,256,0.01,1.0
eval_003,prefill__C1,0.05,512,0.01,1.0
eval_003,prefill__C1,0.05,1024,0.01,1.0
eval_003,prefill__C2,0.01,8,0.01,0.6824636810028633
eval_003,prefill__C2,0.01,16,0.01,0.9111231094555445
eval_003,prefill__C2,0.01,32,0.01,0.994996585864907
eval_003,prefill__C2,0.01,64,0.01,0.9999917739621588
eval_003,prefill__C2,0.01,128,0.01,0.9999999999929389
eval_003,prefill__C2,0.01,256,0.01,1.0
eval_003,prefill__C2,0.01,512,0.01,1.0
eval_003,prefill__C2,0.01,1024,0.01,1.0
eval_003,prefill__C2,0.02,8,0.01,0.9864382566837266
eval_003,prefill__C2,0.02,16,0.01,0.9998729950004805
eval_003,prefill__C2,0.02,32,0.01,0.9999999938358323
eval_003,prefill__C2,0.02,64,0.01,1.0
eval_003,prefill__C2,0.02,128,0.01,1.0
eval_003,prefill__C2,0.02,256,0.01,1.0
eval_003,prefill__C2,0.02,512,0.01,1.0
eval_003,prefill__C2,0.02,1024,0.01,1.0
eval_003,prefill__C2,0.05,8,0.01,0.9999781524070492
eval_003,prefill__C2,0.05,16,0.01,0.9999999997093593
eval_003,prefill__C2,0.05,32,0.01,1.0
eval_003,prefill__C2,0.05,64,0.01,1.0
eval_003,prefill__C2,0.05,128,0.01,1.0
eval_003,prefill__C2,0.05,256,0.01,1.0
eval_003,prefill__C2,0.05,512,0.01,1.0
eval_003,prefill__C2,0.05,1024,0.01,1.0
eval_003,prefill__C3,0.01,8,0.01,0.03604860132509118
eval_003,prefill__C3,0.01,16,0.01,0.05069541347813268
eval_003,prefill__C3,0.01,32,0.01,0.0788917548711055
eval_003,prefill__C3,0.01,64,0.01,0.13693930930494036
eval_003,prefill__C3,0.01,128,0.01,0.25971711046730434
eval_003,prefill__C3,0.01,256,0.01,0.49679487246702925
eval_003,prefill__C3,0.01,512,0.01,0.8136961328127372
eval_003,prefill__C3,0.01,1024,0.01,0.9847619998619163
eval_003,prefill__C3,0.02,8,0.01,0.219205995075222
eval_003,prefill__C3,0.02,16,0.01,0.38268378867237446
eval_003,prefill__C3,0.02,32,0.01,0.644940003831964
eval_003,prefill__C3,0.02,64,0.01,0.906154535811822
eval_003,prefill__C3,0.02,128,0.01,0.9960216870097558
eval_003,prefill__C3,0.02,256,0.01,0.9999972328032727
eval_003,prefill__C3,0.02,512,0.01,0.9999999999997311
eval_003,prefill__C3,0.02,1024,0.01,1.0
eval_003,prefill__C3,0.05,8,0.01,0.9280148696018582
eval_003,prefill__C3,0.05,16,0.01,0.9960644115999358
eval_003,prefill__C3,0.05,32,0.01,0.9999928754142378
eval_003,prefill__C3,0.05,64,0.01,0.9999999999905285
eval_003,prefill__C3,0.05,128,0.01,1.0
eval_003,prefill__C3,0.05,256,0.01,1.0
eval_003,prefill__C3,0.05,512,0.01,1.0
eval_003,prefill__C3,0.05,1024,0.01,1.0
eval_004,prefill__C1,0.01,8,0.01,0.9623282108972657
eval_004,prefill__C1,0.01,16,0.01,0.9989678192407278
eval_004,prefill__C1,0.01,32,0.01,0.9999995501740335
eval_004,prefill__C1,0.01,64,0.01,0.9999999999999672
eval_004,prefill__C1,0.01,128,0.01,1.0
eval_004,prefill__C1,0.01,256,0.01,1.0
eval_004,prefill__C1,0.01,512,0.01,1.0
eval_004,prefill__C1,0.01,1024,0.01,1.0
eval_004,prefill__C1,0.02,8,0.01,0.9995623473212321
eval_004,prefill__C1,0.02,16,0.01,0.9999998794539499
eval_004,prefill__C1,0.02,32,0.01,0.9999999999999953
eval_004,prefill__C1,0.02,64,0.01,1.0
eval_004,prefill__C1,0.02,128,0.01,1.0
eval_004,prefill__C1,0.02,256,0.01,1.0
eval_004,prefill__C1,0.02,512,0.01,1.0
eval_004,prefill__C1,0.02,1024,0.01,1.0
eval_004,prefill__C1,0.05,8,0.01,0.9999995955137582
eval_004,prefill__C1,0.05,16,0.01,0.9999999999999022
eval_004,prefill__C1,0.05,32,0.01,1.0
eval_004,prefill__C1,0.05,64,0.01,1.0
eval_004,prefill__C1,0.05,128,0.01,1.0
eval_004,prefill__C1,0.05,256,0.01,1.0
eval_004,prefill__C1,0.05,512,0.01,1.0
eval_004,prefill__C1,0.05,1024,0.01,1.0
eval_004,prefill__C2,0.01,8,0.01,0.9596677856407522
eval_004,prefill__C2,0.01,16,0.01,0.9988119965710053
eval_004,prefill__C2,0.01,32,0.01,0.9999993992883155
eval_004,prefill__C2,0.01,64,0.01,0.9999999999999409
eval_004,prefill__C2,0.01,128,0.01,1.0
eval_004,prefill__C2,0.01,256,0.01,1.0
eval_004,prefill__C2,0.01,512,0.01,1.0
eval_004,prefill__C2,0.01,1024,0.01,1.0
eval_004,prefill__C2,0.02,8,0.01,0.999520041689297
eval_004,prefill__C2,0.02,16,0.01,0.9999998548052862
eval_004,prefill__C2,0.02,32,0.01,0.9999999999999932
eval_004,prefill__C2,0.02,64,0.01,1.0
eval_004,prefill__C2,0.02,128,0.01,1.0
eval_004,prefill__C2,0.02,256,0.01,1.0
eval_004,prefill__C2,0.02,512,0.01,1.0
eval_004,prefill__C2,0.02,1024,0.01,1.0
eval_004,prefill__C2,0.05,8,0.01,0.9999995525877426
eval_004,prefill__C2,0.05,16,0.01,0.9999999999998802
eval_004,prefill__C2,0.05,32,0.01,1.0
eval_004,prefill__C2,0.05,64,0.01,1.0
eval_004,prefill__C2,0.05,128,0.01,1.0
eval_004,prefill__C2,0.05,256,0.01,1.0
eval_004,prefill__C2,0.05,512,0.01,1.0
eval_004,prefill__C2,0.05,1024,0.01,1.0
eval_004,prefill__C3,0.01,8,0.01,0.0695783578920344
eval_004,prefill__C3,0.01,16,0.01,0.1111059342394369
eval_004,prefill__C3,0.01,32,0.01,0.19562311860847634
eval_004,prefill__C3,0.01,64,0.01,0.3651992249088387
eval_004,prefill__C3,0.01,128,0.01,0.6480413674050084
eval_004,prefill__C3,0.01,256,0.01,0.9199255497869037
eval_004,prefill__C3,0.01,512,0.01,0.9978370538927167
eval_004,prefill__C3,0.01,1024,0.01,0.9999995262079653
eval_004,prefill__C3,0.02,8,0.01,0.4427506378363244
eval_004,prefill__C3,0.02,16,0.01,0.7023198627949052
eval_004,prefill__C3,0.02,32,0.01,0.9306364957764909
eval_004,prefill__C3,0.02,64,0.01,0.9976019990941869
eval_004,prefill__C3,0.02,128,0.01,0.9999987841810722
eval_004,prefill__C3,0.02,256,0.01,0.999999999999927
eval_004,prefill__C3,0.02,512,0.01,1.0
eval_004,prefill__C3,0.02,1024,0.01,1.0
eval_004,prefill__C3,0.05,8,0.01,0.9842162604774066
eval_004,prefill__C3,0.05,16,0.01,0.9998268152319293
eval_004,prefill__C3,0.05,32,0.01,0.9999999883920849
eval_004,prefill__C3,0.05,64,0.01,1.0
eval_004,prefill__C3,0.05,128,0.01,1.0
eval_004,prefill__C3,0.05,256,0.01,1.0
eval_004,prefill__C3,0.05,512,0.01,1.0
eval_004,prefill__C3,0.05,1024,0.01,1.0
eval_005,prefill__C1,0.01,8,0.01,0.9625393450730111
eval_005,prefill__C1,0.01,16,0.01,0.9989796988737742
eval_005,prefill__C1,0.01,32,0.01,0.9999995607562306
eval_005,prefill__C1,0.01,64,0.01,0.9999999999999688
eval_005,prefill__C1,0.01,128,0.01,1.0
eval_005,prefill__C1,0.01,256,0.01,1.0
eval_005,prefill__C1,0.01,512,0.01,1.0
eval_005,prefill__C1,0.01,1024,0.01,1.0
eval_005,prefill__C1,0.02,8,0.01,0.9995656480211899
eval_005,prefill__C1,0.02,16,0.01,0.9999998812797488
eval_005,prefill__C1,0.02,32,0.01,0.9999999999999954
eval_005,prefill__C1,0.02,64,0.01,1.0
eval_005,prefill__C1,0.02,128,0.01,1.0
eval_005,prefill__C1,0.02,256,0.01,1.0
eval_005,prefill__C1,0.02,512,0.01,1.0
eval_005,prefill__C1,0.02,1024,0.01,1.0
eval_005,prefill__C1,0.05,8,0.01,0.9999995988430929
eval_005,prefill__C1,0.05,16,0.01,0.9999999999999037
eval_005,prefill__C1,0.05,32,0.01,1.0
eval_005,prefill__C1,0.05,64,0.01,1.0
eval_005,prefill__C1,0.05,128,0.01,1.0
eval_005,prefill__C1,0.05,256,0.01,1.0
eval_005,prefill__C1,0.05,512,0.01,1.0
eval_005,prefill__C1,0.05,1024,0.01,1.0
eval_005,prefill__C2,0.01,8,0.01,0.9590185672438477
eval_005,prefill__C2,0.01,16,0.01,0.9987722420503186
eval_005,prefill__C2,0.01,32,0.01,0.999999357182496
eval_005,prefill__C2,0.01,64,0.01,0.999999999999932
eval_005,prefill__C2,0.01,128,0.01,1.0
eval_005,prefill__C2,0.01,256,0.01,1.0
eval_005,prefill__C2,0.01,512,0.01,1.0
eval_005,prefill__C2,0.01,1024,0.01,1.0
eval_005,prefill__C2,0.02,8,0.01,0.9995095176360033
eval_005,prefill__C2,0.02,16,0.01,0.9999998483139177
eval_005,prefill__C2,0.02,32,0.01,0.9999999999999926
eval_005,prefill__C2,0.02,64,0.01,1.0
eval_005,prefill__C2,0.02,128,0.01,1.0
eval_005,prefill__C2,0.02,256,0.01,1.0
eval_005,prefill__C2,0.02,512,0.01,1.0
eval_005,prefill__C2,0.02,1024,0.01,1.0
eval_005,prefill__C2,0.05,8,0.01,0.9999995418380908
eval_005,prefill__C2,0.05,16,0.01,0.9999999999998744
eval_005,prefill__C2,0.05,32,0.01,1.0
eval_005,prefill__C2,0.05,64,0.01,1.0
eval_005,prefill__C2,0.05,128,0.01,1.0
eval_005,prefill__C2,0.05,256,0.01,1.0
eval_005,prefill__C2,0.05,512,0.01,1.0
eval_005,prefill__C2,0.05,1024,0.01,1.0
eval_005,prefill__C3,0.01,8,0.01,0.033147410436841954
eval_005,prefill__C3,0.01,16,0.01,0.04573966924005804
eval_005,prefill__C3,0.01,32,0.01,0.06965753366119583
eval_005,prefill__C3,0.01,64,0.01,0.11841706615566819
eval_005,prefill__C3,0.01,128,0.01,0.22199939364479734
eval_005,prefill__C3,0.01,256,0.01,0.4304639787224767
eval_005,prefill__C3,0.01,512,0.01,0.745214920574605
eval_005,prefill__C3,0.01,1024,0.01,0.9671106484505316
eval_005,prefill__C3,0.02,8,0.01,0.19474531236744486
eval_005,prefill__C3,0.02,16,0.01,0.34059557320177025
eval_005,prefill__C3,0.02,32,0.01,0.5877263597663948
eval_005,prefill__C3,0.02,64,0.01,0.8674450529676185
eval_005,prefill__C3,0.02,128,0.01,0.9912468177709699
eval_005,prefill__C3,0.02,256,0.01,0.9999840493838615
eval_005,prefill__C3,0.02,512,0.01,0.9999999999881788
eval_005,prefill__C3,0.02,1024,0.01,1.0
eval_005,prefill__C3,0.05,8,0.01,0.9121390249363185
eval_005,prefill__C3,0.05,16,0.01,0.9940458547164815
eval_005,prefill__C3,0.05,32,0.01,0.9999831763752008
eval_005,prefill__C3,0.05,64,0.01,0.999999999944314
eval_005,prefill__C3,0.05,128,0.01,1.0
eval_005,prefill__C3,0.05,256,0.01,1.0
eval_005,prefill__C3,0.05,512,0.01,1.0
eval_005,prefill__C3,0.05,1024,0.01,1.0
eval_006,prefill__C1,0.01,8,0.01,0.9582691437156453
eval_006,prefill__C1,0.01,16,0.01,0.9987255051990508
eval_006,prefill__C1,0.01,32,0.01,0.9999993057945713
eval_006,prefill__C1,0.01,64,0.01,0.9999999999999205
eval_006,prefill__C1,0.01,128,0.01,1.0
eval_006,prefill__C1,0.01,256,0.01,1.0
eval_006,prefill__C1,0.01,512,0.01,1.0
eval_006,prefill__C1,0.01,1024,0.01,1.0
eval_006,prefill__C1,0.02,8,0.01,0.9994972718871438
eval_006,prefill__C1,0.02,16,0.01,0.9999998405799941
eval_006,prefill__C1,0.02,32,0.01,0.9999999999999918
eval_006,prefill__C1,0.02,64,0.01,1.0
eval_006,prefill__C1,0.02,128,0.01,1.0
eval_006,prefill__C1,0.02,256,0.01,1.0
eval_006,prefill__C1,0.02,512,0.01,1.0
eval_006,prefill__C1,0.02,1024,0.01,1.0
eval_006,prefill__C1,0.05,8,0.01,0.9999995292950453
eval_006,prefill__C1,0.05,16,0.01,0.9999999999998674
eval_006,prefill__C1,0.05,32,0.01,1.0
eval_006,prefill__C1,0.05,64,0.01,1.0
eval_006,prefill__C1,0.05,128,0.01,1.0
eval_006,prefill__C1,0.05,256,0.01,1.0
eval_006,prefill__C1,0.05,512,0.01,1.0
eval_006,prefill__C1,0.05,1024,0.01,1.0
eval_006,prefill__C2,0.01,8,0.01,0.9542661076917048
eval_006,prefill__C2,0.01,16,0.01,0.9984604371952598
eval_006,prefill__C2,0.01,32,0.01,0.9999989755092281
eval_006,prefill__C2,0.01,64,0.01,0.9999999999998236
eval_006,prefill__C2,0.01,128,0.01,1.0
eval_006,prefill__C2,0.01,256,0.01,1.0
eval_006,prefill__C2,0.01,512,0.01,1.0
eval_006,prefill__C2,0.01,1024,0.01,1.0
eval_006,prefill__C2,0.02,8,0.01,0.9994301022167233
eval_006,prefill__C2,0.02,16,0.01,0.9999997946985683
eval_006,prefill__C2,0.02,32,0.01,0.9999999999999863
eval_006,prefill__C2,0.02,64,0.01,1.0
eval_006,prefill__C2,0.02,128,0.01,1.0
eval_006,prefill__C2,0.02,256,0.01,1.0
eval_006,prefill__C2,0.02,512,0.01,1.0
eval_006,prefill__C2,0.02,1024,0.01,1.0
eval_006,prefill__C2,0.05,8,0.01,0.9999994598516101
eval_006,prefill__C2,0.05,16,0.01,0.9999999999998254
eval_006,prefill__C2,0.05,32,0.01,1.0
eval_006,prefill__C2,0.05,64,0.01,1.0
eval_006,prefill__C2,0.05,128,0.01,1.0
eval_006,prefill__C2,0.05,256,0.01,1.0
eval_006,prefill__C2,0.05,512,0.01,1.0
eval_006,prefill__C2,0.05,1024,0.01,1.0
eval_006,prefill__C3,0.01,8,0.01,0.049977862926173004
eval_006,prefill__C3,0.01,16,0.01,0.07524803733080658
eval_006,prefill__C3,0.01,32,0.01,0.12585930241769347
eval_006,prefill__C3,0.01,64,0.01,0.23128350706588732
eval_006,prefill__C3,0.01,128,0.01,0.4391952375520437
eval_006,prefill__C3,0.01,256,0.01,0.7483547014724393
eval_006,prefill__C3,0.01,512,0.01,0.9665380304124367
eval_006,prefill__C3,0.01,1024,0.01,0.9997461748496429
eval_006,prefill__C3,0.02,8,0.01,0.3250077513587466
eval_006,prefill__C3,0.02,16,0.01,0.5491120821357671
eval_006,prefill__C3,0.02,32,0.01,0.8251543095525335
eval_006,prefill__C3,0.02,64,0.01,0.9812732140201608
eval_006,prefill__C3,0.02,128,0.01,0.9998920451414683
eval_006,prefill__C3,0.02,256,0.01,0.9999999989403554
eval_006,prefill__C3,0.02,512,0.01,1.0
eval_006,prefill__C3,0.02,1024,0.01,1.0
eval_006,prefill__C3,0.05,8,0.01,0.9664122154954278
eval_006,prefill__C3,0.05,16,0.01,0.9991849839667079
eval_006,prefill__C3,0.05,32,0.01,0.9999997231911195
eval_006,prefill__C3,0.05,64,0.01,0.9999999999999879
eval_006,prefill__C3,0.05,128,0.01,1.0
eval_006,prefill__C3,0.05,256,0.01,1.0
eval_006,prefill__C3,0.05,512,0.01,1.0
eval_006,prefill__C3,0.05,1024,0.01,1.0
eval_007,prefill__C1,0.01,8,0.01,0.9575092691923428
eval_007,prefill__C1,0.01,16,0.01,0.9986771890307408
eval_007,prefill__C1,0.01,32,0.01,0.999999250520783
eval_007,prefill__C1,0.01,64,0.01,0.9999999999999071
eval_007,prefill__C1,0.01,128,0.01,1.0
eval_007,prefill__C1,0.01,256,0.01,1.0
eval_007,prefill__C1,0.01,512,0.01,1.0
eval_007,prefill__C1,0.01,1024,0.01,1.0
eval_007,prefill__C1,0.02,8,0.01,0.9994847490586917
eval_007,prefill__C1,0.02,16,0.01,0.9999998324700754
eval_007,prefill__C1,0.02,32,0.01,0.9999999999999909
eval_007,prefill__C1,0.02,64,0.01,1.0
eval_007,prefill__C1,0.02,128,0.01,1.0
eval_007,prefill__C1,0.02,256,0.01,1.0
eval_007,prefill__C1,0.02,512,0.01,1.0
eval_007,prefill__C1,0.02,1024,0.01,1.0
eval_007,prefill__C1,0.05,8,0.01,0.999999516430029
eval_007,prefill__C1,0.05,16,0.01,0.9999999999998601
eval_007,prefill__C1,0.05,32,0.01,1.0
eval_007,prefill__C1,0.05,64,0.01,1.0
eval_007,prefill__C1,0.05,128,0.01,1.0
eval_007,prefill__C1,0.05,256,0.01,1.0
eval_007,prefill__C1,0.05,512,0.01,1.0
eval_007,prefill__C1,0.05,1024,0.01,1.0
eval_007,prefill__C2,0.01,8,0.01,0.9529216011538797
eval_007,prefill__C2,0.01,16,0.01,0.9983655529770307
eval_007,prefill__C2,0.01,32,0.01,0.9999988411124168
eval_007,prefill__C2,0.01,64,0.01,0.999999999999773
eval_007,prefill__C2,0.01,128,0.01,1.0
eval_007,prefill__C2,0.01,256,0.01,1.0
eval_007,prefill__C2,0.01,512,0.01,1.0
eval_007,prefill__C2,0.01,1024,0.01,1.0
eval_007,prefill__C2,0.02,8,0.01,0.9994068797014554
eval_007,prefill__C2,0.02,16,0.01,0.9999997774724346
eval_007,prefill__C2,0.02,32,0.01,0.9999999999999839
eval_007,prefill__C2,0.02,64,0.01,1.0
eval_007,prefill__C2,0.02,128,0.01,1.0
eval_007,prefill__C2,0.02,256,0.01,1.0
eval_007,prefill__C2,0.02,512,0.01,1.0
eval_007,prefill__C2,0.02,1024,0.01,1.0
eval_007,prefill__C2,0.05,8,0.01,0.9999994355991932
eval_007,prefill__C2,0.05,16,0.01,0.9999999999998094
eval_007,prefill__C2,0.05,32,0.01,1.0
eval_007,prefill__C2,0.05,64,0.01,1.0
eval_007,prefill__C2,0.05,128,0.01,1.0
eval_007,prefill__C2,0.05,256,0.01,1.0
eval_007,prefill__C2,0.05,512,0.01,1.0
eval_007,prefill__C2,0.05,1024,0.01,1.0
eval_007,prefill__C3,0.01,8,0.01,0.07248375867263375
eval_007,prefill__C3,0.01,16,0.01,0.11649576709922137
eval_007,prefill__C3,0.01,32,0.01,0.20607256397184168
eval_007,prefill__C3,0.01,64,0.01,0.38426479338690317
eval_007,prefill__C3,0.01,128,0.01,0.6732093300177172
eval_007,prefill__C3,0.01,256,0.01,0.9331178625031161
eval_007,prefill__C3,0.01,512,0.01,0.9985826534073758
eval_007,prefill__C3,0.01,1024,0.01,0.9999998173080323
eval_007,prefill__C3,0.02,8,0.01,0.45759335520424216
eval_007,prefill__C3,0.02,16,0.01,0.7192093103678994
eval_007,prefill__C3,0.02,32,0.01,0.9390326532446125
eval_007,prefill__C3,0.02,64,0.01,0.9981940580269645
eval_007,prefill__C3,0.02,128,0.01,0.9999993407489634
eval_007,prefill__C3,0.02,256,0.01,0.99999999999998
eval_007,prefill__C3,0.02,512,0.01,1.0
eval_007,prefill__C3,0.02,1024,0.01,1.0
eval_007,prefill__C3,0.05,8,0.01,0.9856138169557934
eval_007,prefill__C3,0.05,16,0.01,0.9998567176564119
eval_007,prefill__C3,0.05,32,0.01,0.9999999921163925
eval_007,prefill__C3,0.05,64,0.01,1.0
eval_007,prefill__C3,0.05,128,0.01,1.0
eval_007,prefill__C3,0.05,256,0.01,1.0
eval_007,prefill__C3,0.05,512,0.01,1.0
eval_007,prefill__C3,0.05,1024,0.01,1.0
eval_008,prefill__C1,0.01,8,0.01,0.9594532283273804
eval_008,prefill__C1,0.01,16,0.01,0.99879893350719
eval_008,prefill__C1,0.01,32,0.01,0.9999993856151358
eval_008,prefill__C1,0.01,64,0.01,0.9999999999999382
eval_008,prefill__C1,0.01,128,0.01,1.0
eval_008,prefill__C1,0.01,256,0.01,1.0
eval_008,prefill__C1,0.01,512,0.01,1.0
eval_008,prefill__C1,0.01,1024,0.01,1.0
eval_008,prefill__C1,0.02,8,0.01,0.9995165723108592
eval_008,prefill__C1,0.02,16,0.01,0.9999998526811769
eval_008,prefill__C1,0.02,32,0.01,0.999999999999993
eval_008,prefill__C1,0.02,64,0.01,1.0
eval_008,prefill__C1,0.02,128,0.01,1.0
eval_008,prefill__C1,0.02,256,0.01,1.0
eval_008,prefill__C1,0.02,512,0.01,1.0
eval_008,prefill__C1,0.02,1024,0.01,1.0
eval_008,prefill__C1,0.05,8,0.01,0.9999995490470707
eval_008,prefill__C1,0.05,16,0.01,0.9999999999998783
eval_008,prefill__C1,0.05,32,0.01,1.0
eval_008,prefill__C1,0.05,64,0.01,1.0
eval_008,prefill__C1,0.05,128,0.01,1.0
eval_008,prefill__C1,0.05,256,0.01,1.0
eval_008,prefill__C1,0.05,512,0.01,1.0
eval_008,prefill__C1,0.05,1024,0.01,1.0
eval_008,prefill__C2,0.01,8,0.01,0.9550468971494193
eval_008,prefill__C2,0.01,16,0.01,0.998514184302595
eval_008,prefill__C2,0.01,32,0.01,0.9999990478428927
eval_008,prefill__C2,0.01,64,0.01,0.9999999999998482
eval_008,prefill__C2,0.01,128,0.01,1.0
eval_008,prefill__C2,0.01,256,0.01,1.0
eval_008,prefill__C2,0.01,512,0.01,1.0
eval_008,prefill__C2,0.01,1024,0.01,1.0
eval_008,prefill__C2,0.02,8,0.01,0.9994434356078266
eval_008,prefill__C2,0.02,16,0.01,0.9999998042722154
eval_008,prefill__C2,0.02,32,0.01,0.9999999999999876
eval_008,prefill__C2,0.02,64,0.01,1.0
eval_008,prefill__C2,0.02,128,0.01,1.0
eval_008,prefill__C2,0.02,256,0.01,1.0
eval_008,prefill__C2,0.02,512,0.01,1.0
eval_008,prefill__C2,0.02,1024,0.01,1.0
eval_008,prefill__C2,0.05,8,0.01,0.9999994737207893
eval_008,prefill__C2,0.05,16,0.01,0.9999999999998342
eval_008,prefill__C2,0.05,32,0.01,1.0
eval_008,prefill__C2,0.05,64,0.01,1.0
eval_008,prefill__C2,0.05,128,0.01,1.0
eval_008,prefill__C2,0.05,256,0.01,1.0
eval_008,prefill__C2,0.05,512,0.01,1.0
eval_008,prefill__C2,0.05,1024,0.01,1.0
eval_008,prefill__C3,0.01,8,0.01,0.06966972142447721
eval_008,prefill__C3,0.01,16,0.01,0.11127521723440685
eval_008,prefill__C3,0.01,32,0.01,0.1959516890986306
eval_008,prefill__C3,0.01,64,0.01,0.36580308191995753
eval_008,prefill__C3,0.01,128,0.01,0.6488557096258858
eval_008,prefill__C3,0.01,256,0.01,0.9203750869826056
eval_008,prefill__C3,0.01,512,0.01,0.9978655145272484
eval_008,prefill__C3,0.01,1024,0.01,0.999999540172599
eval_008,prefill__C3,0.02,8,0.01,0.44322651468729
eval_008,prefill__C3,0.02,16,0.01,0.7028697299991012
eval_008,prefill__C3,0.02,32,0.01,0.9309194563184742
eval_008,prefill__C3,0.02,64,0.01,0.9976234708134479
eval_008,prefill__C3,0.02,128,0.01,0.9999988075841558
eval_008,prefill__C3,0.02,256,0.01,0.9999999999999298
eval_008,prefill__C3,0.02,512,0.01,1.0
eval_008,prefill__C3,0.02,1024,0.01,1.0
eval_008,prefill__C3,0.05,8,0.01,0.984263150432646
eval_008,prefill__C3,0.05,16,0.01,0.9998278657589061
eval_008,prefill__C3,0.05,32,0.01,0.9999999885354037
eval_008,prefill__C3,0.05,64,0.01,1.0
eval_008,prefill__C3,0.05,128,0.01,1.0
eval_008,prefill__C3,0.05,256,0.01,1.0
eval_008,prefill__C3,0.05,512,0.01,1.0
eval_008,prefill__C3,0.05,1024,0.01,1.0
eval_009,prefill__C1,0.01,8,0.01,0.9601593971448702
eval_009,prefill__C1,0.01,16,0.01,0.9988416479430114
eval_009,prefill__C1,0.01,32,0.01,0.9999994297351171
eval_009,prefill__C1,0.01,64,0.01,0.9999999999999468
eval_009,prefill__C1,0.01,128,0.01,1.0
eval_009,prefill__C1,0.01,256,0.01,1.0
eval_009,prefill__C1,0.01,512,0.01,1.0
eval_009,prefill__C1,0.01,1024,0.01,1.0
eval_009,prefill__C1,0.02,8,0.01,0.9995279587112992
eval_009,prefill__C1,0.02,16,0.01,0.9999998595940935
eval_009,prefill__C1,0.02,32,0.01,0.9999999999999937
eval_009,prefill__C1,0.02,64,0.01,1.0
eval_009,prefill__C1,0.02,128,0.01,1.0
eval_009,prefill__C1,0.02,256,0.01,1.0
eval_009,prefill__C1,0.02,512,0.01,1.0
eval_009,prefill__C1,0.02,1024,0.01,1.0
eval_009,prefill__C1,0.05,8,0.01,0.9999995606560328
eval_009,prefill__C1,0.05,16,0.01,0.9999999999998845
eval_009,prefill__C1,0.05,32,0.01,1.0
eval_009,prefill__C1,0.05,64,0.01,1.0
eval_009,prefill__C1,0.05,128,0.01,1.0
eval_009,prefill__C1,0.05,256,0.01,1.0
eval_009,prefill__C1,0.05,512,0.01,1.0
eval_009,prefill__C1,0.05,1024,0.01,1.0
eval_009,prefill__C2,0.01,8,0.01,0.9560006360112362
eval_009,prefill__C2,0.01,16,0.01,0.9985784892949009
eval_009,prefill__C2,0.01,32,0.01,0.9999991307918842
eval_009,prefill__C2,0.01,64,0.01,0.9999999999998741
eval_009,prefill__C2,0.01,128,0.01,1.0
eval_009,prefill__C2,0.01,256,0.01,1.0
eval_009,prefill__C2,0.01,512,0.01,1.0
eval_009,prefill__C2,0.01,1024,0.01,1.0
eval_009,prefill__C2,0.02,8,0.01,0.9994595701062238
eval_009,prefill__C2,0.02,16,0.01,0.9999998155482572
eval_009,prefill__C2,0.02,32,0.01,0.999999999999989
eval_009,prefill__C2,0.02,64,0.01,1.0
eval_009,prefill__C2,0.02,128,0.01,1.0
eval_009,prefill__C2,0.02,256,0.01,1.0
eval_009,prefill__C2,0.02,512,0.01,1.0
eval_009,prefill__C2,0.02,1024,0.01,1.0
eval_009,prefill__C2,0.05,8,0.01,0.999999490448468
eval_009,prefill__C2,0.05,16,0.01,0.9999999999998447
eval_009,prefill__C2,0.05,32,0.01,1.0
eval_009,prefill__C2,0.05,64,0.01,1.0
eval_009,prefill__C2,0.05,128,0.01,1.0
eval_009,prefill__C2,0.05,256,0.01,1.0
eval_009,prefill__C2,0.05,512,0.01,1.0
eval_009,prefill__C2,0.05,1024,0.01,1.0
eval_009,prefill__C3,0.01,8,0.01,0.06732873005846408
eval_009,prefill__C3,0.01,16,0.01,0.10694233855136834
eval_009,prefill__C3,0.01,32,0.01,0.18753512637918238
eval_009,prefill__C3,0.01,64,0.01,0.35024724458662976
eval_009,prefill__C3,0.01,128,0.01,0.6275164191240048
eval_009,prefill__C3,0.01,256,0.01,0.9080818836021298
eval_009,prefill__C3,0.01,512,0.01,0.9970060637386308
eval_009,prefill__C3,0.01,1024,0.01,0.9999990114320911
eval_009,prefill__C3,0.02,8,0.01,0.4308403430453515
eval_009,prefill__C3,0.02,16,0.01,0.6883767289717697
eval_009,prefill__C3,0.02,32,0.01,0.9232429375605542
eval_009,prefill__C3,0.02,64,0.01,0.997002659411771
eval_009,prefill__C3,0.02,128,0.01,0.9999980301082206
eval_009,prefill__C3,0.02,256,0.01,0.9999999999997967
eval_009,prefill__C3,0.02,512,0.01,1.0
eval_009,prefill__C3,0.02,1024,0.01,1.0
eval_009,prefill__C3,0.05,8,0.01,0.9829946221614606
eval_009,prefill__C3,0.05,16,0.01,0.9997982847897386
eval_009,prefill__C3,0.05,32,0.01,0.9999999841503243
eval_009,prefill__C3,0.05,64,0.01,1.0
eval_009,prefill__C3,0.05,128,0.01,1.0
eval_009,prefill__C3,0.05,256,0.01,1.0
eval_009,prefill__C3,0.05,512,0.01,1.0
eval_009,prefill__C3,0.05,1024,0.01,1.0
eval_010,prefill__C1,0.01,8,0.01,0.9605137640970587
eval_010,prefill__C1,0.01,16,0.01,0.9988627800387276
eval_010,prefill__C1,0.01,32,0.01,0.9999994509353204
eval_010,prefill__C1,0.01,64,0.01,0.9999999999999508
eval_010,prefill__C1,0.01,128,0.01,1.0
eval_010,prefill__C1,0.01,256,0.01,1.0
eval_010,prefill__C1,0.01,512,0.01,1.0
eval_010,prefill__C1,0.01,1024,0.01,1.0
eval_010,prefill__C1,0.02,8,0.01,0.9995336375911629
eval_010,prefill__C1,0.02,16,0.01,0.9999998629791438
eval_010,prefill__C1,0.02,32,0.01,0.9999999999999939
eval_010,prefill__C1,0.02,64,0.01,1.0
eval_010,prefill__C1,0.02,128,0.01,1.0
eval_010,prefill__C1,0.02,256,0.01,1.0
eval_010,prefill__C1,0.02,512,0.01,1.0
eval_010,prefill__C1,0.02,1024,0.01,1.0
eval_010,prefill__C1,0.05,8,0.01,0.9999995664335654
eval_010,prefill__C1,0.05,16,0.01,0.9999999999998875
eval_010,prefill__C1,0.05,32,0.01,1.0
eval_010,prefill__C1,0.05,64,0.01,1.0
eval_010,prefill__C1,0.05,128,0.01,1.0
eval_010,prefill__C1,0.05,256,0.01,1.0
eval_010,prefill__C1,0.05,512,0.01,1.0
eval_010,prefill__C1,0.05,1024,0.01,1.0
eval_010,prefill__C2,0.01,8,0.01,0.9582044909250103
eval_010,prefill__C2,0.01,16,0.01,0.9987214306648593
eval_010,prefill__C2,0.01,32,0.01,0.9999993012177455
eval_010,prefill__C2,0.01,64,0.01,0.9999999999999194
eval_010,prefill__C2,0.01,128,0.01,1.0
eval_010,prefill__C2,0.01,256,0.01,1.0
eval_010,prefill__C2,0.01,512,0.01,1.0
eval_010,prefill__C2,0.01,1024,0.01,1.0
eval_010,prefill__C2,0.02,8,0.01,0.9994962105645792
eval_010,prefill__C2,0.02,16,0.01,0.9999998399005549
eval_010,prefill__C2,0.02,32,0.01,0.9999999999999917
eval_010,prefill__C2,0.02,64,0.01,1.0
eval_010,prefill__C2,0.02,128,0.01,1.0
eval_010,prefill__C2,0.02,256,0.01,1.0
eval_010,prefill__C2,0.02,512,0.01,1.0
eval_010,prefill__C2,0.02,1024,0.01,1.0
eval_010,prefill__C2,0.05,8,0.01,0.999999528206211
eval_010,prefill__C2,0.05,16,0.01,0.9999999999998669
eval_010,prefill__C2,0.05,32,0.01,1.0
eval_010,prefill__C2,0.05,64,0.01,1.0
eval_010,prefill__C2,0.05,128,0.01,1.0
eval_010,prefill__C2,0.05,256,0.01,1.0
eval_010,prefill__C2,0.05,512,0.01,1.0
eval_010,prefill__C2,0.05,1024,0.01,1.0
eval_010,prefill__C3,0.01,8,0.01,0.06829833629882383
eval_010,prefill__C3,0.01,16,0.01,0.10873576202565524
eval_010,prefill__C3,0.01,32,0.01,0.19102043939293728
eval_010,prefill__C3,0.01,64,0.01,0.3567109519571614
eval_010,prefill__C3,0.01,128,0.01,0.6364746374742325
eval_010,prefill__C3,0.01,256,0.01,0.9133733600701709
eval_010,prefill__C3,0.01,512,0.01,0.9973968868782458
eval_010,prefill__C3,0.01,1024,0.01,0.9999992797930971
eval_010,prefill__C3,0.02,8,0.01,0.4360195910029746
eval_010,prefill__C3,0.02,16,0.01,0.6944827639058347
eval_010,prefill__C3,0.02,32,0.01,0.9265326360183557
eval_010,prefill__C3,0.02,64,0.01,0.9972784890423186
eval_010,prefill__C3,0.02,128,0.01,0.999998401529704
eval_010,prefill__C3,0.02,256,0.01,0.9999999999998694
eval_010,prefill__C3,0.02,512,0.01,1.0
eval_010,prefill__C3,0.02,1024,0.01,1.0
eval_010,prefill__C3,0.05,8,0.01,0.9835374273275717
eval_010,prefill__C3,0.05,16,0.01,0.9998112378711985
eval_010,prefill__C3,0.05,32,0.01,0.9999999861598092
eval_010,prefill__C3,0.05,64,0.01,1.0
eval_010,prefill__C3,0.05,128,0.01,1.0
eval_010,prefill__C3,0.05,256,0.01,1.0
eval_010,prefill__C3,0.05,512,0.01,1.0
eval_010,prefill__C3,0.05,1024,0.01,1.0
eval_011,prefill__C1,0.01,8,0.01,0.7011891461403537
eval_011,prefill__C1,0.01,16,0.01,0.9219230975329317
eval_011,prefill__C1,0.01,32,0.01,0.9962096744164832
eval_011,prefill__C1,0.01,64,0.01,0.9999954391801494
eval_011,prefill__C1,0.01,128,0.01,0.9999999999979482
eval_011,prefill__C1,0.01,256,0.01,1.0
eval_011,prefill__C1,0.01,512,0.01,1.0
eval_011,prefill__C1,0.01,1024,0.01,1.0
eval_011,prefill__C1,0.02,8,0.01,0.9880433405164097
eval_011,prefill__C1,0.02,16,0.01,0.9999018017967697
eval_011,prefill__C1,0.02,32,0.01,0.9999999963517967
eval_011,prefill__C1,0.02,64,0.01,1.0
eval_011,prefill__C1,0.02,128,0.01,1.0
eval_011,prefill__C1,0.02,256,0.01,1.0
eval_011,prefill__C1,0.02,512,0.01,1.0
eval_011,prefill__C1,0.02,1024,0.01,1.0
eval_011,prefill__C1,0.05,8,0.01,0.9999813673728987
eval_011,prefill__C1,0.05,16,0.01,0.9999999997888421
eval_011,prefill__C1,0.05,32,0.01,1.0
eval_011,prefill__C1,0.05,64,0.01,1.0
eval_011,prefill__C1,0.05,128,0.01,1.0
eval_011,prefill__C1,0.05,256,0.01,1.0
eval_011,prefill__C1,0.05,512,0.01,1.0
eval_011,prefill__C1,0.05,1024,0.01,1.0
eval_011,prefill__C2,0.01,8,0.01,0.6980202773065436
eval_011,prefill__C2,0.01,16,0.01,0.9201487453248597
eval_011,prefill__C2,0.01,32,0.01,0.9960228474289855
eval_011,prefill__C2,0.01,64,0.01,0.9999949489087554
eval_011,prefill__C2,0.01,128,0.01,0.9999999999974591
eval_011,prefill__C2,0.01,256,0.01,1.0
eval_011,prefill__C2,0.01,512,0.01,1.0
eval_011,prefill__C2,0.01,1024,0.01,1.0
eval_011,prefill__C2,0.02,8,0.01,0.9877818063992129
eval_011,prefill__C2,0.02,16,0.01,0.9998973668696002
eval_011,prefill__C2,0.02,32,0.01,0.9999999960080663
eval_011,prefill__C2,0.02,64,0.01,1.0
eval_011,prefill__C2,0.02,128,0.01,1.0
eval_011,prefill__C2,0.02,256,0.01,1.0
eval_011,prefill__C2,0.02,512,0.01,1.0
eval_011,prefill__C2,0.02,1024,0.01,1.0
eval_011,prefill__C2,0.05,8,0.01,0.9999808528882358
eval_011,prefill__C2,0.05,16,0.01,0.9999999997769778
eval_011,prefill__C2,0.05,32,0.01,1.0
eval_011,prefill__C2,0.05,64,0.01,1.0
eval_011,prefill__C2,0.05,128,0.01,1.0
eval_011,prefill__C2,0.05,256,0.01,1.0
eval_011,prefill__C2,0.05,512,0.01,1.0
eval_011,prefill__C2,0.05,1024,0.01,1.0
eval_011,prefill__C3,0.01,8,0.01,0.10219723872874636
eval_011,prefill__C3,0.01,16,0.01,0.17202088587417466
eval_011,prefill__C3,0.01,32,0.01,0.3113694905190965
eval_011,prefill__C3,0.01,64,0.01,0.5592679119131844
eval_011,prefill__C3,0.01,128,0.01,0.8543053274972248
eval_011,prefill__C3,0.01,256,0.01,0.9902538918173435
eval_011,prefill__C3,0.01,512,0.01,0.999983179121482
eval_011,prefill__C3,0.01,1024,0.01,0.9999999999901905
eval_011,prefill__C3,0.02,8,0.01,0.5808030101847441
eval_011,prefill__C3,0.02,16,0.01,0.8389122268776948
eval_011,prefill__C3,0.02,32,0.01,0.9819360497705658
eval_011,prefill__C3,0.02,64,0.01,0.9998716566636273
eval_011,prefill__C3,0.02,128,0.01,0.9999999976838435
eval_011,prefill__C3,0.02,256,0.01,1.0
eval_011,prefill__C3,0.02,512,0.01,1.0
eval_011,prefill__C3,0.02,1024,0.01,1.0
eval_011,prefill__C3,0.05,8,0.01,0.9933961554775933
eval_011,prefill__C3,0.05,16,0.01,0.999970709395854
eval_011,prefill__C3,0.05,32,0.01,0.9999999996888118
eval_011,prefill__C3,0.05,64,0.01,1.0
eval_011,prefill__C3,0.05,128,0.01,1.0
eval_011,prefill__C3,0.05,256,0.01,1.0
eval_011,prefill__C3,0.05,512,0.01,1.0
eval_011,prefill__C3,0.05,1024,0.01,1.0
eval_012,prefill__C1,0.01,8,0.01,0.958864953676685
eval_012,prefill__C1,0.01,16,0.01,0.9987627360794854
eval_012,prefill__C1,0.01,32,0.01,0.9999993468958845
eval_012,prefill__C1,0.01,64,0.01,0.9999999999999298
eval_012,prefill__C1,0.01,128,0.01,1.0
eval_012,prefill__C1,0.01,256,0.01,1.0
eval_012,prefill__C1,0.01,512,0.01,1.0
eval_012,prefill__C1,0.01,1024,0.01,1.0
eval_012,prefill__C1,0.02,8,0.01,0.9995070160490448
eval_012,prefill__C1,0.02,16,0.01,0.9999998467498066
eval_012,prefill__C1,0.02,32,0.01,0.9999999999999925
eval_012,prefill__C1,0.02,64,0.01,1.0
eval_012,prefill__C1,0.02,128,0.01,1.0
eval_012,prefill__C1,0.02,256,0.01,1.0
eval_012,prefill__C1,0.02,512,0.01,1.0
eval_012,prefill__C1,0.02,1024,0.01,1.0
eval_012,prefill__C1,0.05,8,0.01,0.9999995392787971
eval_012,prefill__C1,0.05,16,0.01,0.999999999999873
eval_012,prefill__C1,0.05,32,0.01,1.0
eval_012,prefill__C1,0.05,64,0.01,1.0
eval_012,prefill__C1,0.05,128,0.01,1.0
eval_012,prefill__C1,0.05,256,0.01,1.0
eval_012,prefill__C1,0.05,512,0.01,1.0
eval_012,prefill__C1,0.05,1024,0.01,1.0
eval_012,prefill__C2,0.01,8,0.01,0.9559037686230836
eval_012,prefill__C2,0.01,16,0.01,0.9985720256224513
eval_012,prefill__C2,0.01,32,0.01,0.9999991226308333
eval_012,prefill__C2,0.01,64,0.01,0.9999999999998717
eval_012,prefill__C2,0.01,128,0.01,1.0
eval_012,prefill__C2,0.01,256,0.01,1.0
eval_012,prefill__C2,0.01,512,0.01,1.0
eval_012,prefill__C2,0.01,1024,0.01,1.0
eval_012,prefill__C2,0.02,8,0.01,0.9994579390407617
eval_012,prefill__C2,0.02,16,0.01,0.9999998144237028
eval_012,prefill__C2,0.02,32,0.01,0.9999999999999889
eval_012,prefill__C2,0.02,64,0.01,1.0
eval_012,prefill__C2,0.02,128,0.01,1.0
eval_012,prefill__C2,0.02,256,0.01,1.0
eval_012,prefill__C2,0.02,512,0.01,1.0
eval_012,prefill__C2,0.02,1024,0.01,1.0
eval_012,prefill__C2,0.05,8,0.01,0.9999994887602088
eval_012,prefill__C2,0.05,16,0.01,0.9999999999998436
eval_012,prefill__C2,0.05,32,0.01,1.0
eval_012,prefill__C2,0.05,64,0.01,1.0
eval_012,prefill__C2,0.05,128,0.01,1.0
eval_012,prefill__C2,0.05,256,0.01,1.0
eval_012,prefill__C2,0.05,512,0.01,1.0
eval_012,prefill__C2,0.05,1024,0.01,1.0
eval_012,prefill__C3,0.01,8,0.01,0.087108534938431
eval_012,prefill__C3,0.01,16,0.01,0.14377387149360404
eval_012,prefill__C3,0.01,32,0.01,0.2584335861645169
eval_012,prefill__C3,0.01,64,0.01,0.47528279929418144
eval_012,prefill__C3,0.01,128,0.01,0.778277831368539
eval_012,prefill__C3,0.01,256,0.01,0.9736646394838274
eval_012,prefill__C3,0.01,512,0.01,0.9998370754857199
eval_012,prefill__C3,0.01,1024,0.01,0.9999999985399559
eval_012,prefill__C3,0.02,8,0.01,0.5240858504464644
eval_012,prefill__C3,0.02,16,0.01,0.7883058692288029
eval_012,prefill__C3,0.02,32,0.01,0.9672260578242181
eval_012,prefill__C3,0.02,64,0.01,0.9995342741058185
eval_012,prefill__C3,0.02,128,0.01,0.9999999640130128
eval_012,prefill__C3,0.02,256,0.01,1.0
eval_012,prefill__C3,0.02,512,0.01,1.0
eval_012,prefill__C3,0.02,1024,0.01,1.0
eval_012,prefill__C3,0.05,8,0.01,0.9905107039730282
eval_012,prefill__C3,0.05,16,0.01,0.9999387161306434
eval_012,prefill__C3,0.05,32,0.01,0.9999999986035742
eval_012,prefill__C3,0.05,64,0.01,1.0
eval_012,prefill__C3,0.05,128,0.01,1.0
eval_012,prefill__C3,0.05,256,0.01,1.0
eval_012,prefill__C3,0.05,512,0.01,1.0
eval_012,prefill__C3,0.05,1024,0.01,1.0
