seed,workload,alpha,beta,policy,latency_median_s,latency_p95_s,goodput,challenge_ms_task_mean,false_risk_mean,infeasible_rate,low_risk_share,admission_rate,feasible_candidate_mean
20260513,single,0.05,0.9,random,1.034155,1.216214,0.200796,0.360349,0.01376,0.935,0.065,1.0,11
20260513,single,0.05,0.9,cost_only_scalar,1.216795,1.21882,0.200759,0.360349,0.0,0,1,1.0,11
20260513,single,0.05,0.9,network_aware_scalar,0.926795,0.92882,0.200818,0.360349,0.0165,1,0,1.0,11
20260513,single,0.05,0.9,network_aware_projcos4,0.926795,0.92882,0.200818,0.379823,0.0105,1,0,1.0,11
20260513,single,0.05,0.9,network_aware_adaptive,0.926795,0.92882,0.200818,0.391952,0.0005,0,1,1.0,11
20260513,single,0.05,0.9,risk_weighted_scalar,0.926795,0.92882,0.200818,0.360349,0.0165,1,0,1.0,11
20260513,single,0.05,0.9,verif_constrained_projcos4,0.943595,0.94562,0.200815,0.379823,0.002,0,1,1.0,11
20260513,single,0.05,0.9,adaptive_verifier,0.943595,0.94562,0.200815,0.379823,0.002,0,1,1.0,11
20260513,single,0.05,0.9,queue_aware_network,0.926795,0.92882,0.200818,0.360349,0.0165,1,0,1.0,11
20260513,single,0.05,0.9,queue_aware_verif_constrained,0.943595,0.94562,0.200815,0.379823,0.002,0,1,1.0,11
20260513,single,0.05,0.9,queue_aware_adaptive,0.943595,0.94562,0.200815,0.379823,0.002,0,1,1.0,11
20260513,single,0.05,0.9,homogeneous_only,1.216795,1.21882,0.200759,0.360349,0.0,0,1,1.0,11
20260513,single,0.1,0.9,random,1.01538,1.21657,0.200789,0.360349,0.01378,0.9,0.1,1.0,13
20260513,single,0.1,0.9,cost_only_scalar,1.216795,1.21882,0.200759,0.360349,0.0,0,1,1.0,13
20260513,single,0.1,0.9,network_aware_scalar,0.926795,0.92882,0.200818,0.360349,0.0165,1,0,1.0,13
20260513,single,0.1,0.9,network_aware_projcos4,0.926795,0.92882,0.200818,0.379823,0.0105,1,0,1.0,13
20260513,single,0.1,0.9,network_aware_adaptive,0.926795,0.92882,0.200818,0.391952,0.0005,0,1,1.0,13
20260513,single,0.1,0.9,risk_weighted_scalar,0.926795,0.92882,0.200818,0.360349,0.0165,1,0,1.0,13
20260513,single,0.1,0.9,verif_constrained_projcos4,0.943595,0.94562,0.200815,0.379823,0.002,0,1,1.0,13
20260513,single,0.1,0.9,adaptive_verifier,0.943595,0.94562,0.200815,0.379823,0.002,0,1,1.0,13
20260513,single,0.1,0.9,queue_aware_network,0.926795,0.92882,0.200818,0.360349,0.0165,1,0,1.0,13
20260513,single,0.1,0.9,queue_aware_verif_constrained,0.943595,0.94562,0.200815,0.379823,0.002,0,1,1.0,13
20260513,single,0.1,0.9,queue_aware_adaptive,0.943595,0.94562,0.200815,0.379823,0.002,0,1,1.0,13
20260513,single,0.1,0.9,homogeneous_only,1.216795,1.21882,0.200759,0.360349,0.0,0,1,1.0,13
20260513,single,0.2,0.9,random,1.017625,1.215409,0.200808,0.360349,0.013835,0.785,0.06,1.0,13
20260513,single,0.2,0.9,cost_only_scalar,1.216795,1.21882,0.200759,0.360349,0.0,0,1,1.0,13
20260513,single,0.2,0.9,network_aware_scalar,0.926795,0.92882,0.200818,0.360349,0.0165,0,0,1.0,13
20260513,single,0.2,0.9,network_aware_projcos4,0.926795,0.92882,0.200818,0.379823,0.0105,0,0,1.0,13
20260513,single,0.2,0.9,network_aware_adaptive,0.926795,0.92882,0.200818,0.360349,0.0165,0,0,1.0,13
20260513,single,0.2,0.9,risk_weighted_scalar,0.926795,0.92882,0.200818,0.360349,0.0165,0,0,1.0,13
20260513,single,0.2,0.9,verif_constrained_projcos4,0.926795,0.92882,0.200818,0.379823,0.0105,0,0,1.0,13
20260513,single,0.2,0.9,adaptive_verifier,0.926795,0.92882,0.200818,0.360349,0.0165,0,0,1.0,13
20260513,single,0.2,0.9,queue_aware_network,0.926795,0.92882,0.200818,0.360349,0.0165,0,0,1.0,13
20260513,single,0.2,0.9,queue_aware_verif_constrained,0.926795,0.92882,0.200818,0.379823,0.0105,0,0,1.0,13
20260513,single,0.2,0.9,queue_aware_adaptive,0.926795,0.92882,0.200818,0.360349,0.0165,0,0,1.0,13
20260513,single,0.2,0.9,homogeneous_only,1.216795,1.21882,0.200759,0.360349,0.0,0,1,1.0,13
20260513,queued-8,0.05,0.9,random,5.701355,12.413858,9.031119,0.360349,0.014117,0.91,0.09,1.0,11
20260513,queued-8,0.05,0.9,cost_only_scalar,119.300745,225.498125,0.821816,0.360349,0.0,0,1,1.0,11
20260513,queued-8,0.05,0.9,network_aware_scalar,90.155745,170.383625,1.078961,0.360349,0.0165,1,0,1.0,11
20260513,queued-8,0.05,0.9,network_aware_projcos4,90.155745,170.383625,1.078961,0.379823,0.0105,1,0,1.0,11
20260513,queued-8,0.05,0.9,network_aware_adaptive,90.155745,170.383625,1.078961,0.391952,0.0005,0,1,1.0,11
20260513,queued-8,0.05,0.9,risk_weighted_scalar,90.155745,170.383625,1.078961,0.360349,0.0165,1,0,1.0,11
20260513,queued-8,0.05,0.9,verif_constrained_projcos4,91.844145,173.576465,1.059751,0.379823,0.002,0,1,1.0,11
20260513,queued-8,0.05,0.9,adaptive_verifier,91.844145,173.576465,1.059751,0.379823,0.002,0,1,1.0,11
20260513,queued-8,0.05,0.9,queue_aware_network,5.5219,9.75676,12.266349,0.360349,0.014245,0.935,0.065,1.0,11
20260513,queued-8,0.05,0.9,queue_aware_verif_constrained,8.936875,16.415759,8.528563,0.379823,0.00236,0,1,1.0,11
20260513,queued-8,0.05,0.9,queue_aware_adaptive,6.907445,12.499287,10.558029,0.380667,0.002015,0,1,1.0,11
20260513,queued-8,0.05,0.9,homogeneous_only,119.300745,225.498125,0.821816,0.360349,0.0,0,1,1.0,11
20260513,queued-8,0.1,0.9,random,5.31098,12.933205,9.068535,0.360349,0.014063,0.915,0.085,1.0,13
20260513,queued-8,0.1,0.9,cost_only_scalar,119.300745,225.498125,0.821816,0.360349,0.0,0,1,1.0,13
20260513,queued-8,0.1,0.9,network_aware_scalar,90.155745,170.383625,1.078961,0.360349,0.0165,1,0,1.0,13
20260513,queued-8,0.1,0.9,network_aware_projcos4,90.155745,170.383625,1.078961,0.379823,0.0105,1,0,1.0,13
20260513,queued-8,0.1,0.9,network_aware_adaptive,90.155745,170.383625,1.078961,0.391952,0.0005,0,1,1.0,13
20260513,queued-8,0.1,0.9,risk_weighted_scalar,90.155745,170.383625,1.078961,0.360349,0.0165,1,0,1.0,13
20260513,queued-8,0.1,0.9,verif_constrained_projcos4,91.844145,173.576465,1.059751,0.379823,0.002,0,1,1.0,13
20260513,queued-8,0.1,0.9,adaptive_verifier,91.844145,173.576465,1.059751,0.379823,0.002,0,1,1.0,13
20260513,queued-8,0.1,0.9,queue_aware_network,5.5219,9.75676,12.266349,0.360349,0.014245,0.935,0.065,1.0,13
20260513,queued-8,0.1,0.9,queue_aware_verif_constrained,7.00391,12.71433,10.39218,0.379823,0.00329,0,1,1.0,13
20260513,queued-8,0.1,0.9,queue_aware_adaptive,5.45668,9.780877,12.250503,0.380498,0.00283,0,1,1.0,13
20260513,queued-8,0.1,0.9,homogeneous_only,119.300745,225.498125,0.821816,0.360349,0.0,0,1,1.0,13
20260513,queued-8,0.2,0.9,random,5.643005,14.787619,6.718148,0.360349,0.01422,0.775,0.07,1.0,13
20260513,queued-8,0.2,0.9,cost_only_scalar,119.300745,225.498125,0.821816,0.360349,0.0,0,1,1.0,13
20260513,queued-8,0.2,0.9,network_aware_scalar,90.155745,170.383625,1.078961,0.360349,0.0165,0,0,1.0,13
20260513,queued-8,0.2,0.9,network_aware_projcos4,90.155745,170.383625,1.078961,0.379823,0.0105,0,0,1.0,13
20260513,queued-8,0.2,0.9,network_aware_adaptive,90.155745,170.383625,1.078961,0.360349,0.0165,0,0,1.0,13
20260513,queued-8,0.2,0.9,risk_weighted_scalar,90.155745,170.383625,1.078961,0.360349,0.0165,0,0,1.0,13
20260513,queued-8,0.2,0.9,verif_constrained_projcos4,90.155745,170.383625,1.078961,0.379823,0.0105,0,0,1.0,13
20260513,queued-8,0.2,0.9,adaptive_verifier,90.155745,170.383625,1.078961,0.360349,0.0165,0,0,1.0,13
20260513,queued-8,0.2,0.9,queue_aware_network,5.5219,9.75676,12.266349,0.360349,0.014245,0.77,0.065,1.0,13
20260513,queued-8,0.2,0.9,queue_aware_verif_constrained,5.5219,9.75676,12.266349,0.379823,0.004472,0,0.835,1.0,13
20260513,queued-8,0.2,0.9,queue_aware_adaptive,5.5219,9.756931,12.265401,0.375344,0.005463,0,0.835,1.0,13
20260513,queued-8,0.2,0.9,homogeneous_only,119.300745,225.498125,0.821816,0.360349,0.0,0,1,1.0,13
20260514,single,0.05,0.9,random,1.018525,1.2163,0.200815,0.360349,0.013945,0.92,0.08,1.0,11
20260514,single,0.05,0.9,cost_only_scalar,1.216795,1.21882,0.200759,0.360349,0.0,0,1,1.0,11
20260514,single,0.05,0.9,network_aware_scalar,0.926795,0.92882,0.200818,0.360349,0.0165,1,0,1.0,11
20260514,single,0.05,0.9,network_aware_projcos4,0.926795,0.92882,0.200818,0.379823,0.0105,1,0,1.0,11
20260514,single,0.05,0.9,network_aware_adaptive,0.926795,0.92882,0.200818,0.391952,0.0005,0,1,1.0,11
20260514,single,0.05,0.9,risk_weighted_scalar,0.926795,0.92882,0.200818,0.360349,0.0165,1,0,1.0,11
20260514,single,0.05,0.9,verif_constrained_projcos4,0.943595,0.94562,0.200815,0.379823,0.002,0,1,1.0,11
20260514,single,0.05,0.9,adaptive_verifier,0.943595,0.94562,0.200815,0.379823,0.002,0,1,1.0,11
20260514,single,0.05,0.9,queue_aware_network,0.926795,0.92882,0.200818,0.360349,0.0165,1,0,1.0,11
20260514,single,0.05,0.9,queue_aware_verif_constrained,0.943595,0.94562,0.200815,0.379823,0.002,0,1,1.0,11
20260514,single,0.05,0.9,queue_aware_adaptive,0.943595,0.94562,0.200815,0.379823,0.002,0,1,1.0,11
20260514,single,0.05,0.9,homogeneous_only,1.216795,1.21882,0.200759,0.360349,0.0,0,1,1.0,11
20260514,single,0.1,0.9,random,1.017355,1.2163,0.200782,0.360349,0.014088,0.93,0.07,1.0,13
20260514,single,0.1,0.9,cost_only_scalar,1.216795,1.21882,0.200759,0.360349,0.0,0,1,1.0,13
20260514,single,0.1,0.9,network_aware_scalar,0.926795,0.92882,0.200818,0.360349,0.0165,1,0,1.0,13
20260514,single,0.1,0.9,network_aware_projcos4,0.926795,0.92882,0.200818,0.379823,0.0105,1,0,1.0,13
20260514,single,0.1,0.9,network_aware_adaptive,0.926795,0.92882,0.200818,0.391952,0.0005,0,1,1.0,13
20260514,single,0.1,0.9,risk_weighted_scalar,0.926795,0.92882,0.200818,0.360349,0.0165,1,0,1.0,13
20260514,single,0.1,0.9,verif_constrained_projcos4,0.943595,0.94562,0.200815,0.379823,0.002,0,1,1.0,13
20260514,single,0.1,0.9,adaptive_verifier,0.943595,0.94562,0.200815,0.379823,0.002,0,1,1.0,13
20260514,single,0.1,0.9,queue_aware_network,0.926795,0.92882,0.200818,0.360349,0.0165,1,0,1.0,13
20260514,single,0.1,0.9,queue_aware_verif_constrained,0.943595,0.94562,0.200815,0.379823,0.002,0,1,1.0,13
20260514,single,0.1,0.9,queue_aware_adaptive,0.943595,0.94562,0.200815,0.379823,0.002,0,1,1.0,13
20260514,single,0.1,0.9,homogeneous_only,1.216795,1.21882,0.200759,0.360349,0.0,0,1,1.0,13
20260514,single,0.2,0.9,random,1.010615,1.21612,0.200804,0.360349,0.014173,0.79,0.07,1.0,13
20260514,single,0.2,0.9,cost_only_scalar,1.216795,1.21882,0.200759,0.360349,0.0,0,1,1.0,13
20260514,single,0.2,0.9,network_aware_scalar,0.926795,0.92882,0.200818,0.360349,0.0165,0,0,1.0,13
20260514,single,0.2,0.9,network_aware_projcos4,0.926795,0.92882,0.200818,0.379823,0.0105,0,0,1.0,13
20260514,single,0.2,0.9,network_aware_adaptive,0.926795,0.92882,0.200818,0.360349,0.0165,0,0,1.0,13
20260514,single,0.2,0.9,risk_weighted_scalar,0.926795,0.92882,0.200818,0.360349,0.0165,0,0,1.0,13
20260514,single,0.2,0.9,verif_constrained_projcos4,0.926795,0.92882,0.200818,0.379823,0.0105,0,0,1.0,13
20260514,single,0.2,0.9,adaptive_verifier,0.926795,0.92882,0.200818,0.360349,0.0165,0,0,1.0,13
20260514,single,0.2,0.9,queue_aware_network,0.926795,0.92882,0.200818,0.360349,0.0165,0,0,1.0,13
20260514,single,0.2,0.9,queue_aware_verif_constrained,0.926795,0.92882,0.200818,0.379823,0.0105,0,0,1.0,13
20260514,single,0.2,0.9,queue_aware_adaptive,0.926795,0.92882,0.200818,0.360349,0.0165,0,0,1.0,13
20260514,single,0.2,0.9,homogeneous_only,1.216795,1.21882,0.200759,0.360349,0.0,0,1,1.0,13
20260514,queued-8,0.05,0.9,random,5.33375,11.401942,9.351239,0.360349,0.014403,0.935,0.065,1.0,11
20260514,queued-8,0.05,0.9,cost_only_scalar,119.300745,225.498125,0.821816,0.360349,0.0,0,1,1.0,11
20260514,queued-8,0.05,0.9,network_aware_scalar,90.155745,170.383625,1.078961,0.360349,0.0165,1,0,1.0,11
20260514,queued-8,0.05,0.9,network_aware_projcos4,90.155745,170.383625,1.078961,0.379823,0.0105,1,0,1.0,11
20260514,queued-8,0.05,0.9,network_aware_adaptive,90.155745,170.383625,1.078961,0.391952,0.0005,0,1,1.0,11
20260514,queued-8,0.05,0.9,risk_weighted_scalar,90.155745,170.383625,1.078961,0.360349,0.0165,1,0,1.0,11
20260514,queued-8,0.05,0.9,verif_constrained_projcos4,91.844145,173.576465,1.059751,0.379823,0.002,0,1,1.0,11
20260514,queued-8,0.05,0.9,adaptive_verifier,91.844145,173.576465,1.059751,0.379823,0.002,0,1,1.0,11
20260514,queued-8,0.05,0.9,queue_aware_network,5.5219,9.75676,12.266349,0.360349,0.014245,0.935,0.065,1.0,11
20260514,queued-8,0.05,0.9,queue_aware_verif_constrained,8.936875,16.415759,8.528563,0.379823,0.00236,0,1,1.0,11
20260514,queued-8,0.05,0.9,queue_aware_adaptive,6.907445,12.499287,10.558029,0.380667,0.002015,0,1,1.0,11
20260514,queued-8,0.05,0.9,homogeneous_only,119.300745,225.498125,0.821816,0.360349,0.0,0,1,1.0,11
20260514,queued-8,0.1,0.9,random,5.72907,13.213014,8.556282,0.360349,0.01379,0.905,0.095,1.0,13
20260514,queued-8,0.1,0.9,cost_only_scalar,119.300745,225.498125,0.821816,0.360349,0.0,0,1,1.0,13
20260514,queued-8,0.1,0.9,network_aware_scalar,90.155745,170.383625,1.078961,0.360349,0.0165,1,0,1.0,13
20260514,queued-8,0.1,0.9,network_aware_projcos4,90.155745,170.383625,1.078961,0.379823,0.0105,1,0,1.0,13
20260514,queued-8,0.1,0.9,network_aware_adaptive,90.155745,170.383625,1.078961,0.391952,0.0005,0,1,1.0,13
20260514,queued-8,0.1,0.9,risk_weighted_scalar,90.155745,170.383625,1.078961,0.360349,0.0165,1,0,1.0,13
20260514,queued-8,0.1,0.9,verif_constrained_projcos4,91.844145,173.576465,1.059751,0.379823,0.002,0,1,1.0,13
20260514,queued-8,0.1,0.9,adaptive_verifier,91.844145,173.576465,1.059751,0.379823,0.002,0,1,1.0,13
20260514,queued-8,0.1,0.9,queue_aware_network,5.5219,9.75676,12.266349,0.360349,0.014245,0.935,0.065,1.0,13
20260514,queued-8,0.1,0.9,queue_aware_verif_constrained,7.00391,12.71433,10.39218,0.379823,0.00329,0,1,1.0,13
20260514,queued-8,0.1,0.9,queue_aware_adaptive,5.45668,9.780877,12.250503,0.380498,0.00283,0,1,1.0,13
20260514,queued-8,0.1,0.9,homogeneous_only,119.300745,225.498125,0.821816,0.360349,0.0,0,1,1.0,13
20260514,queued-8,0.2,0.9,random,5.57706,12.138087,8.811834,0.360349,0.014028,0.76,0.075,1.0,13
20260514,queued-8,0.2,0.9,cost_only_scalar,119.300745,225.498125,0.821816,0.360349,0.0,0,1,1.0,13
20260514,queued-8,0.2,0.9,network_aware_scalar,90.155745,170.383625,1.078961,0.360349,0.0165,0,0,1.0,13
20260514,queued-8,0.2,0.9,network_aware_projcos4,90.155745,170.383625,1.078961,0.379823,0.0105,0,0,1.0,13
20260514,queued-8,0.2,0.9,network_aware_adaptive,90.155745,170.383625,1.078961,0.360349,0.0165,0,0,1.0,13
20260514,queued-8,0.2,0.9,risk_weighted_scalar,90.155745,170.383625,1.078961,0.360349,0.0165,0,0,1.0,13
20260514,queued-8,0.2,0.9,verif_constrained_projcos4,90.155745,170.383625,1.078961,0.379823,0.0105,0,0,1.0,13
20260514,queued-8,0.2,0.9,adaptive_verifier,90.155745,170.383625,1.078961,0.360349,0.0165,0,0,1.0,13
20260514,queued-8,0.2,0.9,queue_aware_network,5.5219,9.75676,12.266349,0.360349,0.014245,0.77,0.065,1.0,13
20260514,queued-8,0.2,0.9,queue_aware_verif_constrained,5.5219,9.75676,12.266349,0.379823,0.004472,0,0.835,1.0,13
20260514,queued-8,0.2,0.9,queue_aware_adaptive,5.5219,9.756931,12.265401,0.375344,0.005463,0,0.835,1.0,13
20260514,queued-8,0.2,0.9,homogeneous_only,119.300745,225.498125,0.821816,0.360349,0.0,0,1,1.0,13
20260515,single,0.05,0.9,random,1.019515,1.21693,0.200759,0.360349,0.014265,0.895,0.105,1.0,11
20260515,single,0.05,0.9,cost_only_scalar,1.216795,1.21882,0.200759,0.360349,0.0,0,1,1.0,11
20260515,single,0.05,0.9,network_aware_scalar,0.926795,0.92882,0.200818,0.360349,0.0165,1,0,1.0,11
20260515,single,0.05,0.9,network_aware_projcos4,0.926795,0.92882,0.200818,0.379823,0.0105,1,0,1.0,11
20260515,single,0.05,0.9,network_aware_adaptive,0.926795,0.92882,0.200818,0.391952,0.0005,0,1,1.0,11
20260515,single,0.05,0.9,risk_weighted_scalar,0.926795,0.92882,0.200818,0.360349,0.0165,1,0,1.0,11
20260515,single,0.05,0.9,verif_constrained_projcos4,0.943595,0.94562,0.200815,0.379823,0.002,0,1,1.0,11
20260515,single,0.05,0.9,adaptive_verifier,0.943595,0.94562,0.200815,0.379823,0.002,0,1,1.0,11
20260515,single,0.05,0.9,queue_aware_network,0.926795,0.92882,0.200818,0.360349,0.0165,1,0,1.0,11
20260515,single,0.05,0.9,queue_aware_verif_constrained,0.943595,0.94562,0.200815,0.379823,0.002,0,1,1.0,11
20260515,single,0.05,0.9,queue_aware_adaptive,0.943595,0.94562,0.200815,0.379823,0.002,0,1,1.0,11
20260515,single,0.05,0.9,homogeneous_only,1.216795,1.21882,0.200759,0.360349,0.0,0,1,1.0,11
20260515,single,0.1,0.9,random,1.01893,1.21621,0.200793,0.360349,0.014285,0.905,0.095,1.0,13
20260515,single,0.1,0.9,cost_only_scalar,1.216795,1.21882,0.200759,0.360349,0.0,0,1,1.0,13
20260515,single,0.1,0.9,network_aware_scalar,0.926795,0.92882,0.200818,0.360349,0.0165,1,0,1.0,13
20260515,single,0.1,0.9,network_aware_projcos4,0.926795,0.92882,0.200818,0.379823,0.0105,1,0,1.0,13
20260515,single,0.1,0.9,network_aware_adaptive,0.926795,0.92882,0.200818,0.391952,0.0005,0,1,1.0,13
20260515,single,0.1,0.9,risk_weighted_scalar,0.926795,0.92882,0.200818,0.360349,0.0165,1,0,1.0,13
20260515,single,0.1,0.9,verif_constrained_projcos4,0.943595,0.94562,0.200815,0.379823,0.002,0,1,1.0,13
20260515,single,0.1,0.9,adaptive_verifier,0.943595,0.94562,0.200815,0.379823,0.002,0,1,1.0,13
20260515,single,0.1,0.9,queue_aware_network,0.926795,0.92882,0.200818,0.360349,0.0165,1,0,1.0,13
20260515,single,0.1,0.9,queue_aware_verif_constrained,0.943595,0.94562,0.200815,0.379823,0.002,0,1,1.0,13
20260515,single,0.1,0.9,queue_aware_adaptive,0.943595,0.94562,0.200815,0.379823,0.002,0,1,1.0,13
20260515,single,0.1,0.9,homogeneous_only,1.216795,1.21882,0.200759,0.360349,0.0,0,1,1.0,13
20260515,single,0.2,0.9,random,1.01911,1.216575,0.200793,0.360349,0.013628,0.785,0.1,1.0,13
20260515,single,0.2,0.9,cost_only_scalar,1.216795,1.21882,0.200759,0.360349,0.0,0,1,1.0,13
20260515,single,0.2,0.9,network_aware_scalar,0.926795,0.92882,0.200818,0.360349,0.0165,0,0,1.0,13
20260515,single,0.2,0.9,network_aware_projcos4,0.926795,0.92882,0.200818,0.379823,0.0105,0,0,1.0,13
20260515,single,0.2,0.9,network_aware_adaptive,0.926795,0.92882,0.200818,0.360349,0.0165,0,0,1.0,13
20260515,single,0.2,0.9,risk_weighted_scalar,0.926795,0.92882,0.200818,0.360349,0.0165,0,0,1.0,13
20260515,single,0.2,0.9,verif_constrained_projcos4,0.926795,0.92882,0.200818,0.379823,0.0105,0,0,1.0,13
20260515,single,0.2,0.9,adaptive_verifier,0.926795,0.92882,0.200818,0.360349,0.0165,0,0,1.0,13
20260515,single,0.2,0.9,queue_aware_network,0.926795,0.92882,0.200818,0.360349,0.0165,0,0,1.0,13
20260515,single,0.2,0.9,queue_aware_verif_constrained,0.926795,0.92882,0.200818,0.379823,0.0105,0,0,1.0,13
20260515,single,0.2,0.9,queue_aware_adaptive,0.926795,0.92882,0.200818,0.360349,0.0165,0,0,1.0,13
20260515,single,0.2,0.9,homogeneous_only,1.216795,1.21882,0.200759,0.360349,0.0,0,1,1.0,13
20260515,queued-8,0.05,0.9,random,5.637025,12.965171,9.690439,0.360349,0.013303,0.92,0.08,1.0,11
20260515,queued-8,0.05,0.9,cost_only_scalar,119.300745,225.498125,0.821816,0.360349,0.0,0,1,1.0,11
20260515,queued-8,0.05,0.9,network_aware_scalar,90.155745,170.383625,1.078961,0.360349,0.0165,1,0,1.0,11
20260515,queued-8,0.05,0.9,network_aware_projcos4,90.155745,170.383625,1.078961,0.379823,0.0105,1,0,1.0,11
20260515,queued-8,0.05,0.9,network_aware_adaptive,90.155745,170.383625,1.078961,0.391952,0.0005,0,1,1.0,11
20260515,queued-8,0.05,0.9,risk_weighted_scalar,90.155745,170.383625,1.078961,0.360349,0.0165,1,0,1.0,11
20260515,queued-8,0.05,0.9,verif_constrained_projcos4,91.844145,173.576465,1.059751,0.379823,0.002,0,1,1.0,11
20260515,queued-8,0.05,0.9,adaptive_verifier,91.844145,173.576465,1.059751,0.379823,0.002,0,1,1.0,11
20260515,queued-8,0.05,0.9,queue_aware_network,5.5219,9.75676,12.266349,0.360349,0.014245,0.935,0.065,1.0,11
20260515,queued-8,0.05,0.9,queue_aware_verif_constrained,8.936875,16.415759,8.528563,0.379823,0.00236,0,1,1.0,11
20260515,queued-8,0.05,0.9,queue_aware_adaptive,6.907445,12.499287,10.558029,0.380667,0.002015,0,1,1.0,11
20260515,queued-8,0.05,0.9,homogeneous_only,119.300745,225.498125,0.821816,0.360349,0.0,0,1,1.0,11
20260515,queued-8,0.1,0.9,random,5.580425,13.587393,8.901097,0.360349,0.013883,0.95,0.05,1.0,13
20260515,queued-8,0.1,0.9,cost_only_scalar,119.300745,225.498125,0.821816,0.360349,0.0,0,1,1.0,13
20260515,queued-8,0.1,0.9,network_aware_scalar,90.155745,170.383625,1.078961,0.360349,0.0165,1,0,1.0,13
20260515,queued-8,0.1,0.9,network_aware_projcos4,90.155745,170.383625,1.078961,0.379823,0.0105,1,0,1.0,13
20260515,queued-8,0.1,0.9,network_aware_adaptive,90.155745,170.383625,1.078961,0.391952,0.0005,0,1,1.0,13
20260515,queued-8,0.1,0.9,risk_weighted_scalar,90.155745,170.383625,1.078961,0.360349,0.0165,1,0,1.0,13
20260515,queued-8,0.1,0.9,verif_constrained_projcos4,91.844145,173.576465,1.059751,0.379823,0.002,0,1,1.0,13
20260515,queued-8,0.1,0.9,adaptive_verifier,91.844145,173.576465,1.059751,0.379823,0.002,0,1,1.0,13
20260515,queued-8,0.1,0.9,queue_aware_network,5.5219,9.75676,12.266349,0.360349,0.014245,0.935,0.065,1.0,13
20260515,queued-8,0.1,0.9,queue_aware_verif_constrained,7.00391,12.71433,10.39218,0.379823,0.00329,0,1,1.0,13
20260515,queued-8,0.1,0.9,queue_aware_adaptive,5.45668,9.780877,12.250503,0.380498,0.00283,0,1,1.0,13
20260515,queued-8,0.1,0.9,homogeneous_only,119.300745,225.498125,0.821816,0.360349,0.0,0,1,1.0,13
20260515,queued-8,0.2,0.9,random,5.60878,12.398897,8.529152,0.360349,0.013955,0.77,0.065,1.0,13
20260515,queued-8,0.2,0.9,cost_only_scalar,119.300745,225.498125,0.821816,0.360349,0.0,0,1,1.0,13
20260515,queued-8,0.2,0.9,network_aware_scalar,90.155745,170.383625,1.078961,0.360349,0.0165,0,0,1.0,13
20260515,queued-8,0.2,0.9,network_aware_projcos4,90.155745,170.383625,1.078961,0.379823,0.0105,0,0,1.0,13
20260515,queued-8,0.2,0.9,network_aware_adaptive,90.155745,170.383625,1.078961,0.360349,0.0165,0,0,1.0,13
20260515,queued-8,0.2,0.9,risk_weighted_scalar,90.155745,170.383625,1.078961,0.360349,0.0165,0,0,1.0,13
20260515,queued-8,0.2,0.9,verif_constrained_projcos4,90.155745,170.383625,1.078961,0.379823,0.0105,0,0,1.0,13
20260515,queued-8,0.2,0.9,adaptive_verifier,90.155745,170.383625,1.078961,0.360349,0.0165,0,0,1.0,13
20260515,queued-8,0.2,0.9,queue_aware_network,5.5219,9.75676,12.266349,0.360349,0.014245,0.77,0.065,1.0,13
20260515,queued-8,0.2,0.9,queue_aware_verif_constrained,5.5219,9.75676,12.266349,0.379823,0.004472,0,0.835,1.0,13
20260515,queued-8,0.2,0.9,queue_aware_adaptive,5.5219,9.756931,12.265401,0.375344,0.005463,0,0.835,1.0,13
20260515,queued-8,0.2,0.9,homogeneous_only,119.300745,225.498125,0.821816,0.360349,0.0,0,1,1.0,13
20260516,single,0.05,0.9,random,1.034065,1.216035,0.200799,0.360349,0.013952,0.93,0.07,1.0,11
20260516,single,0.05,0.9,cost_only_scalar,1.216795,1.21882,0.200759,0.360349,0.0,0,1,1.0,11
20260516,single,0.05,0.9,network_aware_scalar,0.926795,0.92882,0.200818,0.360349,0.0165,1,0,1.0,11
20260516,single,0.05,0.9,network_aware_projcos4,0.926795,0.92882,0.200818,0.379823,0.0105,1,0,1.0,11
20260516,single,0.05,0.9,network_aware_adaptive,0.926795,0.92882,0.200818,0.391952,0.0005,0,1,1.0,11
20260516,single,0.05,0.9,risk_weighted_scalar,0.926795,0.92882,0.200818,0.360349,0.0165,1,0,1.0,11
20260516,single,0.05,0.9,verif_constrained_projcos4,0.943595,0.94562,0.200815,0.379823,0.002,0,1,1.0,11
20260516,single,0.05,0.9,adaptive_verifier,0.943595,0.94562,0.200815,0.379823,0.002,0,1,1.0,11
20260516,single,0.05,0.9,queue_aware_network,0.926795,0.92882,0.200818,0.360349,0.0165,1,0,1.0,11
20260516,single,0.05,0.9,queue_aware_verif_constrained,0.943595,0.94562,0.200815,0.379823,0.002,0,1,1.0,11
20260516,single,0.05,0.9,queue_aware_adaptive,0.943595,0.94562,0.200815,0.379823,0.002,0,1,1.0,11
20260516,single,0.05,0.9,homogeneous_only,1.216795,1.21882,0.200759,0.360349,0.0,0,1,1.0,11
20260516,single,0.1,0.9,random,1.01147,1.216844,0.200796,0.360349,0.014842,0.915,0.085,1.0,13
20260516,single,0.1,0.9,cost_only_scalar,1.216795,1.21882,0.200759,0.360349,0.0,0,1,1.0,13
20260516,single,0.1,0.9,network_aware_scalar,0.926795,0.92882,0.200818,0.360349,0.0165,1,0,1.0,13
20260516,single,0.1,0.9,network_aware_projcos4,0.926795,0.92882,0.200818,0.379823,0.0105,1,0,1.0,13
20260516,single,0.1,0.9,network_aware_adaptive,0.926795,0.92882,0.200818,0.391952,0.0005,0,1,1.0,13
20260516,single,0.1,0.9,risk_weighted_scalar,0.926795,0.92882,0.200818,0.360349,0.0165,1,0,1.0,13
20260516,single,0.1,0.9,verif_constrained_projcos4,0.943595,0.94562,0.200815,0.379823,0.002,0,1,1.0,13
20260516,single,0.1,0.9,adaptive_verifier,0.943595,0.94562,0.200815,0.379823,0.002,0,1,1.0,13
20260516,single,0.1,0.9,queue_aware_network,0.926795,0.92882,0.200818,0.360349,0.0165,1,0,1.0,13
20260516,single,0.1,0.9,queue_aware_verif_constrained,0.943595,0.94562,0.200815,0.379823,0.002,0,1,1.0,13
20260516,single,0.1,0.9,queue_aware_adaptive,0.943595,0.94562,0.200815,0.379823,0.002,0,1,1.0,13
20260516,single,0.1,0.9,homogeneous_only,1.216795,1.21882,0.200759,0.360349,0.0,0,1,1.0,13
20260516,single,0.2,0.9,random,1.020325,1.216035,0.200808,0.360349,0.014417,0.795,0.065,1.0,13
20260516,single,0.2,0.9,cost_only_scalar,1.216795,1.21882,0.200759,0.360349,0.0,0,1,1.0,13
20260516,single,0.2,0.9,network_aware_scalar,0.926795,0.92882,0.200818,0.360349,0.0165,0,0,1.0,13
20260516,single,0.2,0.9,network_aware_projcos4,0.926795,0.92882,0.200818,0.379823,0.0105,0,0,1.0,13
20260516,single,0.2,0.9,network_aware_adaptive,0.926795,0.92882,0.200818,0.360349,0.0165,0,0,1.0,13
20260516,single,0.2,0.9,risk_weighted_scalar,0.926795,0.92882,0.200818,0.360349,0.0165,0,0,1.0,13
20260516,single,0.2,0.9,verif_constrained_projcos4,0.926795,0.92882,0.200818,0.379823,0.0105,0,0,1.0,13
20260516,single,0.2,0.9,adaptive_verifier,0.926795,0.92882,0.200818,0.360349,0.0165,0,0,1.0,13
20260516,single,0.2,0.9,queue_aware_network,0.926795,0.92882,0.200818,0.360349,0.0165,0,0,1.0,13
20260516,single,0.2,0.9,queue_aware_verif_constrained,0.926795,0.92882,0.200818,0.379823,0.0105,0,0,1.0,13
20260516,single,0.2,0.9,queue_aware_adaptive,0.926795,0.92882,0.200818,0.360349,0.0165,0,0,1.0,13
20260516,single,0.2,0.9,homogeneous_only,1.216795,1.21882,0.200759,0.360349,0.0,0,1,1.0,13
20260516,queued-8,0.05,0.9,random,5.35241,15.961187,6.959812,0.360349,0.014435,0.925,0.075,1.0,11
20260516,queued-8,0.05,0.9,cost_only_scalar,119.300745,225.498125,0.821816,0.360349,0.0,0,1,1.0,11
20260516,queued-8,0.05,0.9,network_aware_scalar,90.155745,170.383625,1.078961,0.360349,0.0165,1,0,1.0,11
20260516,queued-8,0.05,0.9,network_aware_projcos4,90.155745,170.383625,1.078961,0.379823,0.0105,1,0,1.0,11
20260516,queued-8,0.05,0.9,network_aware_adaptive,90.155745,170.383625,1.078961,0.391952,0.0005,0,1,1.0,11
20260516,queued-8,0.05,0.9,risk_weighted_scalar,90.155745,170.383625,1.078961,0.360349,0.0165,1,0,1.0,11
20260516,queued-8,0.05,0.9,verif_constrained_projcos4,91.844145,173.576465,1.059751,0.379823,0.002,0,1,1.0,11
20260516,queued-8,0.05,0.9,adaptive_verifier,91.844145,173.576465,1.059751,0.379823,0.002,0,1,1.0,11
20260516,queued-8,0.05,0.9,queue_aware_network,5.5219,9.75676,12.266349,0.360349,0.014245,0.935,0.065,1.0,11
20260516,queued-8,0.05,0.9,queue_aware_verif_constrained,8.936875,16.415759,8.528563,0.379823,0.00236,0,1,1.0,11
20260516,queued-8,0.05,0.9,queue_aware_adaptive,6.907445,12.499287,10.558029,0.380667,0.002015,0,1,1.0,11
20260516,queued-8,0.05,0.9,homogeneous_only,119.300745,225.498125,0.821816,0.360349,0.0,0,1,1.0,11
20260516,queued-8,0.1,0.9,random,5.79746,15.110286,8.178333,0.360349,0.014043,0.905,0.095,1.0,13
20260516,queued-8,0.1,0.9,cost_only_scalar,119.300745,225.498125,0.821816,0.360349,0.0,0,1,1.0,13
20260516,queued-8,0.1,0.9,network_aware_scalar,90.155745,170.383625,1.078961,0.360349,0.0165,1,0,1.0,13
20260516,queued-8,0.1,0.9,network_aware_projcos4,90.155745,170.383625,1.078961,0.379823,0.0105,1,0,1.0,13
20260516,queued-8,0.1,0.9,network_aware_adaptive,90.155745,170.383625,1.078961,0.391952,0.0005,0,1,1.0,13
20260516,queued-8,0.1,0.9,risk_weighted_scalar,90.155745,170.383625,1.078961,0.360349,0.0165,1,0,1.0,13
20260516,queued-8,0.1,0.9,verif_constrained_projcos4,91.844145,173.576465,1.059751,0.379823,0.002,0,1,1.0,13
20260516,queued-8,0.1,0.9,adaptive_verifier,91.844145,173.576465,1.059751,0.379823,0.002,0,1,1.0,13
20260516,queued-8,0.1,0.9,queue_aware_network,5.5219,9.75676,12.266349,0.360349,0.014245,0.935,0.065,1.0,13
20260516,queued-8,0.1,0.9,queue_aware_verif_constrained,7.00391,12.71433,10.39218,0.379823,0.00329,0,1,1.0,13
20260516,queued-8,0.1,0.9,queue_aware_adaptive,5.45668,9.780877,12.250503,0.380498,0.00283,0,1,1.0,13
20260516,queued-8,0.1,0.9,homogeneous_only,119.300745,225.498125,0.821816,0.360349,0.0,0,1,1.0,13
20260516,queued-8,0.2,0.9,random,5.61614,15.595688,8.079173,0.360349,0.01508,0.85,0.025,1.0,13
20260516,queued-8,0.2,0.9,cost_only_scalar,119.300745,225.498125,0.821816,0.360349,0.0,0,1,1.0,13
20260516,queued-8,0.2,0.9,network_aware_scalar,90.155745,170.383625,1.078961,0.360349,0.0165,0,0,1.0,13
20260516,queued-8,0.2,0.9,network_aware_projcos4,90.155745,170.383625,1.078961,0.379823,0.0105,0,0,1.0,13
20260516,queued-8,0.2,0.9,network_aware_adaptive,90.155745,170.383625,1.078961,0.360349,0.0165,0,0,1.0,13
20260516,queued-8,0.2,0.9,risk_weighted_scalar,90.155745,170.383625,1.078961,0.360349,0.0165,0,0,1.0,13
20260516,queued-8,0.2,0.9,verif_constrained_projcos4,90.155745,170.383625,1.078961,0.379823,0.0105,0,0,1.0,13
20260516,queued-8,0.2,0.9,adaptive_verifier,90.155745,170.383625,1.078961,0.360349,0.0165,0,0,1.0,13
20260516,queued-8,0.2,0.9,queue_aware_network,5.5219,9.75676,12.266349,0.360349,0.014245,0.77,0.065,1.0,13
20260516,queued-8,0.2,0.9,queue_aware_verif_constrained,5.5219,9.75676,12.266349,0.379823,0.004472,0,0.835,1.0,13
20260516,queued-8,0.2,0.9,queue_aware_adaptive,5.5219,9.756931,12.265401,0.375344,0.005463,0,0.835,1.0,13
20260516,queued-8,0.2,0.9,homogeneous_only,119.300745,225.498125,0.821816,0.360349,0.0,0,1,1.0,13
20260517,single,0.05,0.9,random,1.017175,1.2163,0.200796,0.360349,0.013945,0.915,0.085,1.0,11
20260517,single,0.05,0.9,cost_only_scalar,1.216795,1.21882,0.200759,0.360349,0.0,0,1,1.0,11
20260517,single,0.05,0.9,network_aware_scalar,0.926795,0.92882,0.200818,0.360349,0.0165,1,0,1.0,11
20260517,single,0.05,0.9,network_aware_projcos4,0.926795,0.92882,0.200818,0.379823,0.0105,1,0,1.0,11
20260517,single,0.05,0.9,network_aware_adaptive,0.926795,0.92882,0.200818,0.391952,0.0005,0,1,1.0,11
20260517,single,0.05,0.9,risk_weighted_scalar,0.926795,0.92882,0.200818,0.360349,0.0165,1,0,1.0,11
20260517,single,0.05,0.9,verif_constrained_projcos4,0.943595,0.94562,0.200815,0.379823,0.002,0,1,1.0,11
20260517,single,0.05,0.9,adaptive_verifier,0.943595,0.94562,0.200815,0.379823,0.002,0,1,1.0,11
20260517,single,0.05,0.9,queue_aware_network,0.926795,0.92882,0.200818,0.360349,0.0165,1,0,1.0,11
20260517,single,0.05,0.9,queue_aware_verif_constrained,0.943595,0.94562,0.200815,0.379823,0.002,0,1,1.0,11
20260517,single,0.05,0.9,queue_aware_adaptive,0.943595,0.94562,0.200815,0.379823,0.002,0,1,1.0,11
20260517,single,0.05,0.9,homogeneous_only,1.216795,1.21882,0.200759,0.360349,0.0,0,1,1.0,11
20260517,single,0.1,0.9,random,1.03438,1.215414,0.200818,0.360349,0.014,0.93,0.07,1.0,13
20260517,single,0.1,0.9,cost_only_scalar,1.216795,1.21882,0.200759,0.360349,0.0,0,1,1.0,13
20260517,single,0.1,0.9,network_aware_scalar,0.926795,0.92882,0.200818,0.360349,0.0165,1,0,1.0,13
20260517,single,0.1,0.9,network_aware_projcos4,0.926795,0.92882,0.200818,0.379823,0.0105,1,0,1.0,13
20260517,single,0.1,0.9,network_aware_adaptive,0.926795,0.92882,0.200818,0.391952,0.0005,0,1,1.0,13
20260517,single,0.1,0.9,risk_weighted_scalar,0.926795,0.92882,0.200818,0.360349,0.0165,1,0,1.0,13
20260517,single,0.1,0.9,verif_constrained_projcos4,0.943595,0.94562,0.200815,0.379823,0.002,0,1,1.0,13
20260517,single,0.1,0.9,adaptive_verifier,0.943595,0.94562,0.200815,0.379823,0.002,0,1,1.0,13
20260517,single,0.1,0.9,queue_aware_network,0.926795,0.92882,0.200818,0.360349,0.0165,1,0,1.0,13
20260517,single,0.1,0.9,queue_aware_verif_constrained,0.943595,0.94562,0.200815,0.379823,0.002,0,1,1.0,13
20260517,single,0.1,0.9,queue_aware_adaptive,0.943595,0.94562,0.200815,0.379823,0.002,0,1,1.0,13
20260517,single,0.1,0.9,homogeneous_only,1.216795,1.21882,0.200759,0.360349,0.0,0,1,1.0,13
20260517,single,0.2,0.9,random,1.02001,1.216214,0.200799,0.360349,0.013768,0.765,0.09,1.0,13
20260517,single,0.2,0.9,cost_only_scalar,1.216795,1.21882,0.200759,0.360349,0.0,0,1,1.0,13
20260517,single,0.2,0.9,network_aware_scalar,0.926795,0.92882,0.200818,0.360349,0.0165,0,0,1.0,13
20260517,single,0.2,0.9,network_aware_projcos4,0.926795,0.92882,0.200818,0.379823,0.0105,0,0,1.0,13
20260517,single,0.2,0.9,network_aware_adaptive,0.926795,0.92882,0.200818,0.360349,0.0165,0,0,1.0,13
20260517,single,0.2,0.9,risk_weighted_scalar,0.926795,0.92882,0.200818,0.360349,0.0165,0,0,1.0,13
20260517,single,0.2,0.9,verif_constrained_projcos4,0.926795,0.92882,0.200818,0.379823,0.0105,0,0,1.0,13
20260517,single,0.2,0.9,adaptive_verifier,0.926795,0.92882,0.200818,0.360349,0.0165,0,0,1.0,13
20260517,single,0.2,0.9,queue_aware_network,0.926795,0.92882,0.200818,0.360349,0.0165,0,0,1.0,13
20260517,single,0.2,0.9,queue_aware_verif_constrained,0.926795,0.92882,0.200818,0.379823,0.0105,0,0,1.0,13
20260517,single,0.2,0.9,queue_aware_adaptive,0.926795,0.92882,0.200818,0.360349,0.0165,0,0,1.0,13
20260517,single,0.2,0.9,homogeneous_only,1.216795,1.21882,0.200759,0.360349,0.0,0,1,1.0,13
20260517,queued-8,0.05,0.9,random,5.323355,11.909274,9.207039,0.360349,0.013923,0.93,0.07,1.0,11
20260517,queued-8,0.05,0.9,cost_only_scalar,119.300745,225.498125,0.821816,0.360349,0.0,0,1,1.0,11
20260517,queued-8,0.05,0.9,network_aware_scalar,90.155745,170.383625,1.078961,0.360349,0.0165,1,0,1.0,11
20260517,queued-8,0.05,0.9,network_aware_projcos4,90.155745,170.383625,1.078961,0.379823,0.0105,1,0,1.0,11
20260517,queued-8,0.05,0.9,network_aware_adaptive,90.155745,170.383625,1.078961,0.391952,0.0005,0,1,1.0,11
20260517,queued-8,0.05,0.9,risk_weighted_scalar,90.155745,170.383625,1.078961,0.360349,0.0165,1,0,1.0,11
20260517,queued-8,0.05,0.9,verif_constrained_projcos4,91.844145,173.576465,1.059751,0.379823,0.002,0,1,1.0,11
20260517,queued-8,0.05,0.9,adaptive_verifier,91.844145,173.576465,1.059751,0.379823,0.002,0,1,1.0,11
20260517,queued-8,0.05,0.9,queue_aware_network,5.5219,9.75676,12.266349,0.360349,0.014245,0.935,0.065,1.0,11
20260517,queued-8,0.05,0.9,queue_aware_verif_constrained,8.936875,16.415759,8.528563,0.379823,0.00236,0,1,1.0,11
20260517,queued-8,0.05,0.9,queue_aware_adaptive,6.907445,12.499287,10.558029,0.380667,0.002015,0,1,1.0,11
20260517,queued-8,0.05,0.9,homogeneous_only,119.300745,225.498125,0.821816,0.360349,0.0,0,1,1.0,11
20260517,queued-8,0.1,0.9,random,5.55701,14.942434,7.875721,0.360349,0.013777,0.915,0.085,1.0,13
20260517,queued-8,0.1,0.9,cost_only_scalar,119.300745,225.498125,0.821816,0.360349,0.0,0,1,1.0,13
20260517,queued-8,0.1,0.9,network_aware_scalar,90.155745,170.383625,1.078961,0.360349,0.0165,1,0,1.0,13
20260517,queued-8,0.1,0.9,network_aware_projcos4,90.155745,170.383625,1.078961,0.379823,0.0105,1,0,1.0,13
20260517,queued-8,0.1,0.9,network_aware_adaptive,90.155745,170.383625,1.078961,0.391952,0.0005,0,1,1.0,13
20260517,queued-8,0.1,0.9,risk_weighted_scalar,90.155745,170.383625,1.078961,0.360349,0.0165,1,0,1.0,13
20260517,queued-8,0.1,0.9,verif_constrained_projcos4,91.844145,173.576465,1.059751,0.379823,0.002,0,1,1.0,13
20260517,queued-8,0.1,0.9,adaptive_verifier,91.844145,173.576465,1.059751,0.379823,0.002,0,1,1.0,13
20260517,queued-8,0.1,0.9,queue_aware_network,5.5219,9.75676,12.266349,0.360349,0.014245,0.935,0.065,1.0,13
20260517,queued-8,0.1,0.9,queue_aware_verif_constrained,7.00391,12.71433,10.39218,0.379823,0.00329,0,1,1.0,13
20260517,queued-8,0.1,0.9,queue_aware_adaptive,5.45668,9.780877,12.250503,0.380498,0.00283,0,1,1.0,13
20260517,queued-8,0.1,0.9,homogeneous_only,119.300745,225.498125,0.821816,0.360349,0.0,0,1,1.0,13
20260517,queued-8,0.2,0.9,random,5.35478,12.104076,8.993926,0.360349,0.014443,0.745,0.06,1.0,13
20260517,queued-8,0.2,0.9,cost_only_scalar,119.300745,225.498125,0.821816,0.360349,0.0,0,1,1.0,13
20260517,queued-8,0.2,0.9,network_aware_scalar,90.155745,170.383625,1.078961,0.360349,0.0165,0,0,1.0,13
20260517,queued-8,0.2,0.9,network_aware_projcos4,90.155745,170.383625,1.078961,0.379823,0.0105,0,0,1.0,13
20260517,queued-8,0.2,0.9,network_aware_adaptive,90.155745,170.383625,1.078961,0.360349,0.0165,0,0,1.0,13
20260517,queued-8,0.2,0.9,risk_weighted_scalar,90.155745,170.383625,1.078961,0.360349,0.0165,0,0,1.0,13
20260517,queued-8,0.2,0.9,verif_constrained_projcos4,90.155745,170.383625,1.078961,0.379823,0.0105,0,0,1.0,13
20260517,queued-8,0.2,0.9,adaptive_verifier,90.155745,170.383625,1.078961,0.360349,0.0165,0,0,1.0,13
20260517,queued-8,0.2,0.9,queue_aware_network,5.5219,9.75676,12.266349,0.360349,0.014245,0.77,0.065,1.0,13
20260517,queued-8,0.2,0.9,queue_aware_verif_constrained,5.5219,9.75676,12.266349,0.379823,0.004472,0,0.835,1.0,13
20260517,queued-8,0.2,0.9,queue_aware_adaptive,5.5219,9.756931,12.265401,0.375344,0.005463,0,0.835,1.0,13
20260517,queued-8,0.2,0.9,homogeneous_only,119.300745,225.498125,0.821816,0.360349,0.0,0,1,1.0,13
