task_id,arrival_time_ms,deadline_ms,alpha,beta,smax,cmax,payload_mb,group_width,workload
eval_001,0.0,5000.0,0.1,0.9,3072,5.0,100,4,single
eval_002,5000.0,5000.0,0.1,0.9,3072,5.0,100,4,single
eval_003,10000.0,5000.0,0.1,0.9,3072,5.0,100,4,single
eval_004,15000.0,5000.0,0.1,0.9,3072,5.0,100,4,single
eval_005,20000.0,5000.0,0.1,0.9,3072,5.0,100,4,single
eval_006,25000.0,5000.0,0.1,0.9,3072,5.0,100,4,single
eval_007,30000.0,5000.0,0.1,0.9,3072,5.0,100,4,single
eval_008,35000.0,5000.0,0.1,0.9,3072,5.0,100,4,single
eval_009,40000.0,5000.0,0.1,0.9,3072,5.0,100,4,single
eval_010,45000.0,5000.0,0.1,0.9,3072,5.0,100,4,single
eval_011,50000.0,5000.0,0.1,0.9,3072,5.0,100,4,single
eval_012,55000.0,5000.0,0.1,0.9,3072,5.0,100,4,single
eval_013,60000.0,5000.0,0.1,0.9,3072,5.0,100,4,single
eval_014,65000.0,5000.0,0.1,0.9,3072,5.0,100,4,single
eval_015,70000.0,5000.0,0.1,0.9,3072,5.0,100,4,single
eval_016,75000.0,5000.0,0.1,0.9,3072,5.0,100,4,single
eval_017,80000.0,5000.0,0.1,0.9,3072,5.0,100,4,single
eval_018,85000.0,5000.0,0.1,0.9,3072,5.0,100,4,single
eval_019,90000.0,5000.0,0.1,0.9,3072,5.0,100,4,single
eval_020,95000.0,5000.0,0.1,0.9,3072,5.0,100,4,single
eval_021,100000.0,5000.0,0.1,0.9,3072,5.0,100,4,single
eval_022,105000.0,5000.0,0.1,0.9,3072,5.0,100,4,single
eval_023,110000.0,5000.0,0.1,0.9,3072,5.0,100,4,single
eval_024,115000.0,5000.0,0.1,0.9,3072,5.0,100,4,single
eval_025,120000.0,5000.0,0.1,0.9,3072,5.0,100,4,single
eval_026,125000.0,5000.0,0.1,0.9,3072,5.0,100,4,single
eval_027,130000.0,5000.0,0.1,0.9,3072,5.0,100,4,single
eval_028,135000.0,5000.0,0.1,0.9,3072,5.0,100,4,single
eval_029,140000.0,5000.0,0.1,0.9,3072,5.0,100,4,single
eval_030,145000.0,5000.0,0.1,0.9,3072,5.0,100,4,single
eval_031,150000.0,5000.0,0.1,0.9,3072,5.0,100,4,single
eval_032,155000.0,5000.0,0.1,0.9,3072,5.0,100,4,single
eval_033,160000.0,5000.0,0.1,0.9,3072,5.0,100,4,single
eval_034,165000.0,5000.0,0.1,0.9,3072,5.0,100,4,single
eval_035,170000.0,5000.0,0.1,0.9,3072,5.0,100,4,single
eval_036,175000.0,5000.0,0.1,0.9,3072,5.0,100,4,single
eval_037,180000.0,5000.0,0.1,0.9,3072,5.0,100,4,single
eval_038,185000.0,5000.0,0.1,0.9,3072,5.0,100,4,single
eval_039,190000.0,5000.0,0.1,0.9,3072,5.0,100,4,single
eval_040,195000.0,5000.0,0.1,0.9,3072,5.0,100,4,single
eval_041,200000.0,5000.0,0.1,0.9,3072,5.0,100,4,single
eval_042,205000.0,5000.0,0.1,0.9,3072,5.0,100,4,single
eval_043,210000.0,5000.0,0.1,0.9,3072,5.0,100,4,single
eval_044,215000.0,5000.0,0.1,0.9,3072,5.0,100,4,single
eval_045,220000.0,5000.0,0.1,0.9,3072,5.0,100,4,single
eval_046,225000.0,5000.0,0.1,0.9,3072,5.0,100,4,single
eval_047,230000.0,5000.0,0.1,0.9,3072,5.0,100,4,single
eval_048,235000.0,5000.0,0.1,0.9,3072,5.0,100,4,single
eval_049,240000.0,5000.0,0.1,0.9,3072,5.0,100,4,single
eval_050,245000.0,5000.0,0.1,0.9,3072,5.0,100,4,single
eval_051,250000.0,5000.0,0.1,0.9,3072,5.0,100,4,single
eval_052,255000.0,5000.0,0.1,0.9,3072,5.0,100,4,single
eval_053,260000.0,5000.0,0.1,0.9,3072,5.0,100,4,single
eval_054,265000.0,5000.0,0.1,0.9,3072,5.0,100,4,single
eval_055,270000.0,5000.0,0.1,0.9,3072,5.0,100,4,single
eval_056,275000.0,5000.0,0.1,0.9,3072,5.0,100,4,single
eval_057,280000.0,5000.0,0.1,0.9,3072,5.0,100,4,single
eval_058,285000.0,5000.0,0.1,0.9,3072,5.0,100,4,single
eval_059,290000.0,5000.0,0.1,0.9,3072,5.0,100,4,single
eval_060,295000.0,5000.0,0.1,0.9,3072,5.0,100,4,single
eval_061,300000.0,5000.0,0.1,0.9,3072,5.0,100,4,single
eval_062,305000.0,5000.0,0.1,0.9,3072,5.0,100,4,single
eval_063,310000.0,5000.0,0.1,0.9,3072,5.0,100,4,single
eval_064,315000.0,5000.0,0.1,0.9,3072,5.0,100,4,single
eval_065,320000.0,5000.0,0.1,0.9,3072,5.0,100,4,single
eval_066,325000.0,5000.0,0.1,0.9,3072,5.0,100,4,single
eval_067,330000.0,5000.0,0.1,0.9,3072,5.0,100,4,single
eval_068,335000.0,5000.0,0.1,0.9,3072,5.0,100,4,single
eval_069,340000.0,5000.0,0.1,0.9,3072,5.0,100,4,single
eval_070,345000.0,5000.0,0.1,0.9,3072,5.0,100,4,single
eval_071,350000.0,5000.0,0.1,0.9,3072,5.0,100,4,single
eval_072,355000.0,5000.0,0.1,0.9,3072,5.0,100,4,single
eval_073,360000.0,5000.0,0.1,0.9,3072,5.0,100,4,single
eval_074,365000.0,5000.0,0.1,0.9,3072,5.0,100,4,single
eval_075,370000.0,5000.0,0.1,0.9,3072,5.0,100,4,single
eval_076,375000.0,5000.0,0.1,0.9,3072,5.0,100,4,single
eval_077,380000.0,5000.0,0.1,0.9,3072,5.0,100,4,single
eval_078,385000.0,5000.0,0.1,0.9,3072,5.0,100,4,single
eval_079,390000.0,5000.0,0.1,0.9,3072,5.0,100,4,single
eval_080,395000.0,5000.0,0.1,0.9,3072,5.0,100,4,single
eval_081,400000.0,5000.0,0.1,0.9,3072,5.0,100,4,single
eval_082,405000.0,5000.0,0.1,0.9,3072,5.0,100,4,single
eval_083,410000.0,5000.0,0.1,0.9,3072,5.0,100,4,single
eval_084,415000.0,5000.0,0.1,0.9,3072,5.0,100,4,single
eval_085,420000.0,5000.0,0.1,0.9,3072,5.0,100,4,single
eval_086,425000.0,5000.0,0.1,0.9,3072,5.0,100,4,single
eval_087,430000.0,5000.0,0.1,0.9,3072,5.0,100,4,single
eval_088,435000.0,5000.0,0.1,0.9,3072,5.0,100,4,single
eval_089,440000.0,5000.0,0.1,0.9,3072,5.0,100,4,single
eval_090,445000.0,5000.0,0.1,0.9,3072,5.0,100,4,single
eval_091,450000.0,5000.0,0.1,0.9,3072,5.0,100,4,single
eval_092,455000.0,5000.0,0.1,0.9,3072,5.0,100,4,single
eval_093,460000.0,5000.0,0.1,0.9,3072,5.0,100,4,single
eval_094,465000.0,5000.0,0.1,0.9,3072,5.0,100,4,single
eval_095,470000.0,5000.0,0.1,0.9,3072,5.0,100,4,single
eval_096,475000.0,5000.0,0.1,0.9,3072,5.0,100,4,single
eval_097,480000.0,5000.0,0.1,0.9,3072,5.0,100,4,single
eval_098,485000.0,5000.0,0.1,0.9,3072,5.0,100,4,single
eval_099,490000.0,5000.0,0.1,0.9,3072,5.0,100,4,single
eval_100,495000.0,5000.0,0.1,0.9,3072,5.0,100,4,single
eval_101,500000.0,5000.0,0.1,0.9,3072,5.0,100,4,single
eval_102,505000.0,5000.0,0.1,0.9,3072,5.0,100,4,single
eval_103,510000.0,5000.0,0.1,0.9,3072,5.0,100,4,single
eval_104,515000.0,5000.0,0.1,0.9,3072,5.0,100,4,single
eval_105,520000.0,5000.0,0.1,0.9,3072,5.0,100,4,single
eval_106,525000.0,5000.0,0.1,0.9,3072,5.0,100,4,single
eval_107,530000.0,5000.0,0.1,0.9,3072,5.0,100,4,single
eval_108,535000.0,5000.0,0.1,0.9,3072,5.0,100,4,single
eval_109,540000.0,5000.0,0.1,0.9,3072,5.0,100,4,single
eval_110,545000.0,5000.0,0.1,0.9,3072,5.0,100,4,single
eval_111,550000.0,5000.0,0.1,0.9,3072,5.0,100,4,single
eval_112,555000.0,5000.0,0.1,0.9,3072,5.0,100,4,single
eval_113,560000.0,5000.0,0.1,0.9,3072,5.0,100,4,single
eval_114,565000.0,5000.0,0.1,0.9,3072,5.0,100,4,single
eval_115,570000.0,5000.0,0.1,0.9,3072,5.0,100,4,single
eval_116,575000.0,5000.0,0.1,0.9,3072,5.0,100,4,single
eval_117,580000.0,5000.0,0.1,0.9,3072,5.0,100,4,single
eval_118,585000.0,5000.0,0.1,0.9,3072,5.0,100,4,single
eval_119,590000.0,5000.0,0.1,0.9,3072,5.0,100,4,single
eval_120,595000.0,5000.0,0.1,0.9,3072,5.0,100,4,single
eval_121,600000.0,5000.0,0.1,0.9,3072,5.0,100,4,single
eval_122,605000.0,5000.0,0.1,0.9,3072,5.0,100,4,single
eval_123,610000.0,5000.0,0.1,0.9,3072,5.0,100,4,single
eval_124,615000.0,5000.0,0.1,0.9,3072,5.0,100,4,single
eval_125,620000.0,5000.0,0.1,0.9,3072,5.0,100,4,single
eval_126,625000.0,5000.0,0.1,0.9,3072,5.0,100,4,single
eval_127,630000.0,5000.0,0.1,0.9,3072,5.0,100,4,single
eval_128,635000.0,5000.0,0.1,0.9,3072,5.0,100,4,single
eval_129,640000.0,5000.0,0.1,0.9,3072,5.0,100,4,single
eval_130,645000.0,5000.0,0.1,0.9,3072,5.0,100,4,single
eval_131,650000.0,5000.0,0.1,0.9,3072,5.0,100,4,single
eval_132,655000.0,5000.0,0.1,0.9,3072,5.0,100,4,single
eval_133,660000.0,5000.0,0.1,0.9,3072,5.0,100,4,single
eval_134,665000.0,5000.0,0.1,0.9,3072,5.0,100,4,single
eval_135,670000.0,5000.0,0.1,0.9,3072,5.0,100,4,single
eval_136,675000.0,5000.0,0.1,0.9,3072,5.0,100,4,single
eval_137,680000.0,5000.0,0.1,0.9,3072,5.0,100,4,single
eval_138,685000.0,5000.0,0.1,0.9,3072,5.0,100,4,single
eval_139,690000.0,5000.0,0.1,0.9,3072,5.0,100,4,single
eval_140,695000.0,5000.0,0.1,0.9,3072,5.0,100,4,single
eval_141,700000.0,5000.0,0.1,0.9,3072,5.0,100,4,single
eval_142,705000.0,5000.0,0.1,0.9,3072,5.0,100,4,single
eval_143,710000.0,5000.0,0.1,0.9,3072,5.0,100,4,single
eval_144,715000.0,5000.0,0.1,0.9,3072,5.0,100,4,single
eval_145,720000.0,5000.0,0.1,0.9,3072,5.0,100,4,single
eval_146,725000.0,5000.0,0.1,0.9,3072,5.0,100,4,single
eval_147,730000.0,5000.0,0.1,0.9,3072,5.0,100,4,single
eval_148,735000.0,5000.0,0.1,0.9,3072,5.0,100,4,single
eval_149,740000.0,5000.0,0.1,0.9,3072,5.0,100,4,single
eval_150,745000.0,5000.0,0.1,0.9,3072,5.0,100,4,single
eval_151,750000.0,5000.0,0.1,0.9,3072,5.0,100,4,single
eval_152,755000.0,5000.0,0.1,0.9,3072,5.0,100,4,single
eval_153,760000.0,5000.0,0.1,0.9,3072,5.0,100,4,single
eval_154,765000.0,5000.0,0.1,0.9,3072,5.0,100,4,single
eval_155,770000.0,5000.0,0.1,0.9,3072,5.0,100,4,single
eval_156,775000.0,5000.0,0.1,0.9,3072,5.0,100,4,single
eval_157,780000.0,5000.0,0.1,0.9,3072,5.0,100,4,single
eval_158,785000.0,5000.0,0.1,0.9,3072,5.0,100,4,single
eval_159,790000.0,5000.0,0.1,0.9,3072,5.0,100,4,single
eval_160,795000.0,5000.0,0.1,0.9,3072,5.0,100,4,single
eval_161,800000.0,5000.0,0.1,0.9,3072,5.0,100,4,single
eval_162,805000.0,5000.0,0.1,0.9,3072,5.0,100,4,single
eval_163,810000.0,5000.0,0.1,0.9,3072,5.0,100,4,single
eval_164,815000.0,5000.0,0.1,0.9,3072,5.0,100,4,single
eval_165,820000.0,5000.0,0.1,0.9,3072,5.0,100,4,single
eval_166,825000.0,5000.0,0.1,0.9,3072,5.0,100,4,single
eval_167,830000.0,5000.0,0.1,0.9,3072,5.0,100,4,single
eval_168,835000.0,5000.0,0.1,0.9,3072,5.0,100,4,single
eval_169,840000.0,5000.0,0.1,0.9,3072,5.0,100,4,single
eval_170,845000.0,5000.0,0.1,0.9,3072,5.0,100,4,single
eval_171,850000.0,5000.0,0.1,0.9,3072,5.0,100,4,single
eval_172,855000.0,5000.0,0.1,0.9,3072,5.0,100,4,single
eval_173,860000.0,5000.0,0.1,0.9,3072,5.0,100,4,single
eval_174,865000.0,5000.0,0.1,0.9,3072,5.0,100,4,single
eval_175,870000.0,5000.0,0.1,0.9,3072,5.0,100,4,single
eval_176,875000.0,5000.0,0.1,0.9,3072,5.0,100,4,single
eval_177,880000.0,5000.0,0.1,0.9,3072,5.0,100,4,single
eval_178,885000.0,5000.0,0.1,0.9,3072,5.0,100,4,single
eval_179,890000.0,5000.0,0.1,0.9,3072,5.0,100,4,single
eval_180,895000.0,5000.0,0.1,0.9,3072,5.0,100,4,single
eval_181,900000.0,5000.0,0.1,0.9,3072,5.0,100,4,single
eval_182,905000.0,5000.0,0.1,0.9,3072,5.0,100,4,single
eval_183,910000.0,5000.0,0.1,0.9,3072,5.0,100,4,single
eval_184,915000.0,5000.0,0.1,0.9,3072,5.0,100,4,single
eval_185,920000.0,5000.0,0.1,0.9,3072,5.0,100,4,single
eval_186,925000.0,5000.0,0.1,0.9,3072,5.0,100,4,single
eval_187,930000.0,5000.0,0.1,0.9,3072,5.0,100,4,single
eval_188,935000.0,5000.0,0.1,0.9,3072,5.0,100,4,single
eval_189,940000.0,5000.0,0.1,0.9,3072,5.0,100,4,single
eval_190,945000.0,5000.0,0.1,0.9,3072,5.0,100,4,single
eval_191,950000.0,5000.0,0.1,0.9,3072,5.0,100,4,single
eval_192,955000.0,5000.0,0.1,0.9,3072,5.0,100,4,single
eval_193,960000.0,5000.0,0.1,0.9,3072,5.0,100,4,single
eval_194,965000.0,5000.0,0.1,0.9,3072,5.0,100,4,single
eval_195,970000.0,5000.0,0.1,0.9,3072,5.0,100,4,single
eval_196,975000.0,5000.0,0.1,0.9,3072,5.0,100,4,single
eval_197,980000.0,5000.0,0.1,0.9,3072,5.0,100,4,single
eval_198,985000.0,5000.0,0.1,0.9,3072,5.0,100,4,single
eval_199,990000.0,5000.0,0.1,0.9,3072,5.0,100,4,single
eval_200,995000.0,5000.0,0.1,0.9,3072,5.0,100,4,single
eval_001,0.0,40000.0,0.1,0.9,3072,5.0,100,4,queued-8
eval_002,0.0,40000.0,0.1,0.9,3072,5.0,100,4,queued-8
eval_003,0.0,40000.0,0.1,0.9,3072,5.0,100,4,queued-8
eval_004,0.0,40000.0,0.1,0.9,3072,5.0,100,4,queued-8
eval_005,0.0,40000.0,0.1,0.9,3072,5.0,100,4,queued-8
eval_006,0.0,40000.0,0.1,0.9,3072,5.0,100,4,queued-8
eval_007,0.0,40000.0,0.1,0.9,3072,5.0,100,4,queued-8
eval_008,0.0,40000.0,0.1,0.9,3072,5.0,100,4,queued-8
eval_009,250.0,40000.0,0.1,0.9,3072,5.0,100,4,queued-8
eval_010,250.0,40000.0,0.1,0.9,3072,5.0,100,4,queued-8
eval_011,250.0,40000.0,0.1,0.9,3072,5.0,100,4,queued-8
eval_012,250.0,40000.0,0.1,0.9,3072,5.0,100,4,queued-8
eval_013,250.0,40000.0,0.1,0.9,3072,5.0,100,4,queued-8
eval_014,250.0,40000.0,0.1,0.9,3072,5.0,100,4,queued-8
eval_015,250.0,40000.0,0.1,0.9,3072,5.0,100,4,queued-8
eval_016,250.0,40000.0,0.1,0.9,3072,5.0,100,4,queued-8
eval_017,500.0,40000.0,0.1,0.9,3072,5.0,100,4,queued-8
eval_018,500.0,40000.0,0.1,0.9,3072,5.0,100,4,queued-8
eval_019,500.0,40000.0,0.1,0.9,3072,5.0,100,4,queued-8
eval_020,500.0,40000.0,0.1,0.9,3072,5.0,100,4,queued-8
eval_021,500.0,40000.0,0.1,0.9,3072,5.0,100,4,queued-8
eval_022,500.0,40000.0,0.1,0.9,3072,5.0,100,4,queued-8
eval_023,500.0,40000.0,0.1,0.9,3072,5.0,100,4,queued-8
eval_024,500.0,40000.0,0.1,0.9,3072,5.0,100,4,queued-8
eval_025,750.0,40000.0,0.1,0.9,3072,5.0,100,4,queued-8
eval_026,750.0,40000.0,0.1,0.9,3072,5.0,100,4,queued-8
eval_027,750.0,40000.0,0.1,0.9,3072,5.0,100,4,queued-8
eval_028,750.0,40000.0,0.1,0.9,3072,5.0,100,4,queued-8
eval_029,750.0,40000.0,0.1,0.9,3072,5.0,100,4,queued-8
eval_030,750.0,40000.0,0.1,0.9,3072,5.0,100,4,queued-8
eval_031,750.0,40000.0,0.1,0.9,3072,5.0,100,4,queued-8
eval_032,750.0,40000.0,0.1,0.9,3072,5.0,100,4,queued-8
eval_033,1000.0,40000.0,0.1,0.9,3072,5.0,100,4,queued-8
eval_034,1000.0,40000.0,0.1,0.9,3072,5.0,100,4,queued-8
eval_035,1000.0,40000.0,0.1,0.9,3072,5.0,100,4,queued-8
eval_036,1000.0,40000.0,0.1,0.9,3072,5.0,100,4,queued-8
eval_037,1000.0,40000.0,0.1,0.9,3072,5.0,100,4,queued-8
eval_038,1000.0,40000.0,0.1,0.9,3072,5.0,100,4,queued-8
eval_039,1000.0,40000.0,0.1,0.9,3072,5.0,100,4,queued-8
eval_040,1000.0,40000.0,0.1,0.9,3072,5.0,100,4,queued-8
eval_041,1250.0,40000.0,0.1,0.9,3072,5.0,100,4,queued-8
eval_042,1250.0,40000.0,0.1,0.9,3072,5.0,100,4,queued-8
eval_043,1250.0,40000.0,0.1,0.9,3072,5.0,100,4,queued-8
eval_044,1250.0,40000.0,0.1,0.9,3072,5.0,100,4,queued-8
eval_045,1250.0,40000.0,0.1,0.9,3072,5.0,100,4,queued-8
eval_046,1250.0,40000.0,0.1,0.9,3072,5.0,100,4,queued-8
eval_047,1250.0,40000.0,0.1,0.9,3072,5.0,100,4,queued-8
eval_048,1250.0,40000.0,0.1,0.9,3072,5.0,100,4,queued-8
eval_049,1500.0,40000.0,0.1,0.9,3072,5.0,100,4,queued-8
eval_050,1500.0,40000.0,0.1,0.9,3072,5.0,100,4,queued-8
eval_051,1500.0,40000.0,0.1,0.9,3072,5.0,100,4,queued-8
eval_052,1500.0,40000.0,0.1,0.9,3072,5.0,100,4,queued-8
eval_053,1500.0,40000.0,0.1,0.9,3072,5.0,100,4,queued-8
eval_054,1500.0,40000.0,0.1,0.9,3072,5.0,100,4,queued-8
eval_055,1500.0,40000.0,0.1,0.9,3072,5.0,100,4,queued-8
eval_056,1500.0,40000.0,0.1,0.9,3072,5.0,100,4,queued-8
eval_057,1750.0,40000.0,0.1,0.9,3072,5.0,100,4,queued-8
eval_058,1750.0,40000.0,0.1,0.9,3072,5.0,100,4,queued-8
eval_059,1750.0,40000.0,0.1,0.9,3072,5.0,100,4,queued-8
eval_060,1750.0,40000.0,0.1,0.9,3072,5.0,100,4,queued-8
eval_061,1750.0,40000.0,0.1,0.9,3072,5.0,100,4,queued-8
eval_062,1750.0,40000.0,0.1,0.9,3072,5.0,100,4,queued-8
eval_063,1750.0,40000.0,0.1,0.9,3072,5.0,100,4,queued-8
eval_064,1750.0,40000.0,0.1,0.9,3072,5.0,100,4,queued-8
eval_065,2000.0,40000.0,0.1,0.9,3072,5.0,100,4,queued-8
eval_066,2000.0,40000.0,0.1,0.9,3072,5.0,100,4,queued-8
eval_067,2000.0,40000.0,0.1,0.9,3072,5.0,100,4,queued-8
eval_068,2000.0,40000.0,0.1,0.9,3072,5.0,100,4,queued-8
eval_069,2000.0,40000.0,0.1,0.9,3072,5.0,100,4,queued-8
eval_070,2000.0,40000.0,0.1,0.9,3072,5.0,100,4,queued-8
eval_071,2000.0,40000.0,0.1,0.9,3072,5.0,100,4,queued-8
eval_072,2000.0,40000.0,0.1,0.9,3072,5.0,100,4,queued-8
eval_073,2250.0,40000.0,0.1,0.9,3072,5.0,100,4,queued-8
eval_074,2250.0,40000.0,0.1,0.9,3072,5.0,100,4,queued-8
eval_075,2250.0,40000.0,0.1,0.9,3072,5.0,100,4,queued-8
eval_076,2250.0,40000.0,0.1,0.9,3072,5.0,100,4,queued-8
eval_077,2250.0,40000.0,0.1,0.9,3072,5.0,100,4,queued-8
eval_078,2250.0,40000.0,0.1,0.9,3072,5.0,100,4,queued-8
eval_079,2250.0,40000.0,0.1,0.9,3072,5.0,100,4,queued-8
eval_080,2250.0,40000.0,0.1,0.9,3072,5.0,100,4,queued-8
eval_081,2500.0,40000.0,0.1,0.9,3072,5.0,100,4,queued-8
eval_082,2500.0,40000.0,0.1,0.9,3072,5.0,100,4,queued-8
eval_083,2500.0,40000.0,0.1,0.9,3072,5.0,100,4,queued-8
eval_084,2500.0,40000.0,0.1,0.9,3072,5.0,100,4,queued-8
eval_085,2500.0,40000.0,0.1,0.9,3072,5.0,100,4,queued-8
eval_086,2500.0,40000.0,0.1,0.9,3072,5.0,100,4,queued-8
eval_087,2500.0,40000.0,0.1,0.9,3072,5.0,100,4,queued-8
eval_088,2500.0,40000.0,0.1,0.9,3072,5.0,100,4,queued-8
eval_089,2750.0,40000.0,0.1,0.9,3072,5.0,100,4,queued-8
eval_090,2750.0,40000.0,0.1,0.9,3072,5.0,100,4,queued-8
eval_091,2750.0,40000.0,0.1,0.9,3072,5.0,100,4,queued-8
eval_092,2750.0,40000.0,0.1,0.9,3072,5.0,100,4,queued-8
eval_093,2750.0,40000.0,0.1,0.9,3072,5.0,100,4,queued-8
eval_094,2750.0,40000.0,0.1,0.9,3072,5.0,100,4,queued-8
eval_095,2750.0,40000.0,0.1,0.9,3072,5.0,100,4,queued-8
eval_096,2750.0,40000.0,0.1,0.9,3072,5.0,100,4,queued-8
eval_097,3000.0,40000.0,0.1,0.9,3072,5.0,100,4,queued-8
eval_098,3000.0,40000.0,0.1,0.9,3072,5.0,100,4,queued-8
eval_099,3000.0,40000.0,0.1,0.9,3072,5.0,100,4,queued-8
eval_100,3000.0,40000.0,0.1,0.9,3072,5.0,100,4,queued-8
eval_101,3000.0,40000.0,0.1,0.9,3072,5.0,100,4,queued-8
eval_102,3000.0,40000.0,0.1,0.9,3072,5.0,100,4,queued-8
eval_103,3000.0,40000.0,0.1,0.9,3072,5.0,100,4,queued-8
eval_104,3000.0,40000.0,0.1,0.9,3072,5.0,100,4,queued-8
eval_105,3250.0,40000.0,0.1,0.9,3072,5.0,100,4,queued-8
eval_106,3250.0,40000.0,0.1,0.9,3072,5.0,100,4,queued-8
eval_107,3250.0,40000.0,0.1,0.9,3072,5.0,100,4,queued-8
eval_108,3250.0,40000.0,0.1,0.9,3072,5.0,100,4,queued-8
eval_109,3250.0,40000.0,0.1,0.9,3072,5.0,100,4,queued-8
eval_110,3250.0,40000.0,0.1,0.9,3072,5.0,100,4,queued-8
eval_111,3250.0,40000.0,0.1,0.9,3072,5.0,100,4,queued-8
eval_112,3250.0,40000.0,0.1,0.9,3072,5.0,100,4,queued-8
eval_113,3500.0,40000.0,0.1,0.9,3072,5.0,100,4,queued-8
eval_114,3500.0,40000.0,0.1,0.9,3072,5.0,100,4,queued-8
eval_115,3500.0,40000.0,0.1,0.9,3072,5.0,100,4,queued-8
eval_116,3500.0,40000.0,0.1,0.9,3072,5.0,100,4,queued-8
eval_117,3500.0,40000.0,0.1,0.9,3072,5.0,100,4,queued-8
eval_118,3500.0,40000.0,0.1,0.9,3072,5.0,100,4,queued-8
eval_119,3500.0,40000.0,0.1,0.9,3072,5.0,100,4,queued-8
eval_120,3500.0,40000.0,0.1,0.9,3072,5.0,100,4,queued-8
eval_121,3750.0,40000.0,0.1,0.9,3072,5.0,100,4,queued-8
eval_122,3750.0,40000.0,0.1,0.9,3072,5.0,100,4,queued-8
eval_123,3750.0,40000.0,0.1,0.9,3072,5.0,100,4,queued-8
eval_124,3750.0,40000.0,0.1,0.9,3072,5.0,100,4,queued-8
eval_125,3750.0,40000.0,0.1,0.9,3072,5.0,100,4,queued-8
eval_126,3750.0,40000.0,0.1,0.9,3072,5.0,100,4,queued-8
eval_127,3750.0,40000.0,0.1,0.9,3072,5.0,100,4,queued-8
eval_128,3750.0,40000.0,0.1,0.9,3072,5.0,100,4,queued-8
eval_129,4000.0,40000.0,0.1,0.9,3072,5.0,100,4,queued-8
eval_130,4000.0,40000.0,0.1,0.9,3072,5.0,100,4,queued-8
eval_131,4000.0,40000.0,0.1,0.9,3072,5.0,100,4,queued-8
eval_132,4000.0,40000.0,0.1,0.9,3072,5.0,100,4,queued-8
eval_133,4000.0,40000.0,0.1,0.9,3072,5.0,100,4,queued-8
eval_134,4000.0,40000.0,0.1,0.9,3072,5.0,100,4,queued-8
eval_135,4000.0,40000.0,0.1,0.9,3072,5.0,100,4,queued-8
eval_136,4000.0,40000.0,0.1,0.9,3072,5.0,100,4,queued-8
eval_137,4250.0,40000.0,0.1,0.9,3072,5.0,100,4,queued-8
eval_138,4250.0,40000.0,0.1,0.9,3072,5.0,100,4,queued-8
eval_139,4250.0,40000.0,0.1,0.9,3072,5.0,100,4,queued-8
eval_140,4250.0,40000.0,0.1,0.9,3072,5.0,100,4,queued-8
eval_141,4250.0,40000.0,0.1,0.9,3072,5.0,100,4,queued-8
eval_142,4250.0,40000.0,0.1,0.9,3072,5.0,100,4,queued-8
eval_143,4250.0,40000.0,0.1,0.9,3072,5.0,100,4,queued-8
eval_144,4250.0,40000.0,0.1,0.9,3072,5.0,100,4,queued-8
eval_145,4500.0,40000.0,0.1,0.9,3072,5.0,100,4,queued-8
eval_146,4500.0,40000.0,0.1,0.9,3072,5.0,100,4,queued-8
eval_147,4500.0,40000.0,0.1,0.9,3072,5.0,100,4,queued-8
eval_148,4500.0,40000.0,0.1,0.9,3072,5.0,100,4,queued-8
eval_149,4500.0,40000.0,0.1,0.9,3072,5.0,100,4,queued-8
eval_150,4500.0,40000.0,0.1,0.9,3072,5.0,100,4,queued-8
eval_151,4500.0,40000.0,0.1,0.9,3072,5.0,100,4,queued-8
eval_152,4500.0,40000.0,0.1,0.9,3072,5.0,100,4,queued-8
eval_153,4750.0,40000.0,0.1,0.9,3072,5.0,100,4,queued-8
eval_154,4750.0,40000.0,0.1,0.9,3072,5.0,100,4,queued-8
eval_155,4750.0,40000.0,0.1,0.9,3072,5.0,100,4,queued-8
eval_156,4750.0,40000.0,0.1,0.9,3072,5.0,100,4,queued-8
eval_157,4750.0,40000.0,0.1,0.9,3072,5.0,100,4,queued-8
eval_158,4750.0,40000.0,0.1,0.9,3072,5.0,100,4,queued-8
eval_159,4750.0,40000.0,0.1,0.9,3072,5.0,100,4,queued-8
eval_160,4750.0,40000.0,0.1,0.9,3072,5.0,100,4,queued-8
eval_161,5000.0,40000.0,0.1,0.9,3072,5.0,100,4,queued-8
eval_162,5000.0,40000.0,0.1,0.9,3072,5.0,100,4,queued-8
eval_163,5000.0,40000.0,0.1,0.9,3072,5.0,100,4,queued-8
eval_164,5000.0,40000.0,0.1,0.9,3072,5.0,100,4,queued-8
eval_165,5000.0,40000.0,0.1,0.9,3072,5.0,100,4,queued-8
eval_166,5000.0,40000.0,0.1,0.9,3072,5.0,100,4,queued-8
eval_167,5000.0,40000.0,0.1,0.9,3072,5.0,100,4,queued-8
eval_168,5000.0,40000.0,0.1,0.9,3072,5.0,100,4,queued-8
eval_169,5250.0,40000.0,0.1,0.9,3072,5.0,100,4,queued-8
eval_170,5250.0,40000.0,0.1,0.9,3072,5.0,100,4,queued-8
eval_171,5250.0,40000.0,0.1,0.9,3072,5.0,100,4,queued-8
eval_172,5250.0,40000.0,0.1,0.9,3072,5.0,100,4,queued-8
eval_173,5250.0,40000.0,0.1,0.9,3072,5.0,100,4,queued-8
eval_174,5250.0,40000.0,0.1,0.9,3072,5.0,100,4,queued-8
eval_175,5250.0,40000.0,0.1,0.9,3072,5.0,100,4,queued-8
eval_176,5250.0,40000.0,0.1,0.9,3072,5.0,100,4,queued-8
eval_177,5500.0,40000.0,0.1,0.9,3072,5.0,100,4,queued-8
eval_178,5500.0,40000.0,0.1,0.9,3072,5.0,100,4,queued-8
eval_179,5500.0,40000.0,0.1,0.9,3072,5.0,100,4,queued-8
eval_180,5500.0,40000.0,0.1,0.9,3072,5.0,100,4,queued-8
eval_181,5500.0,40000.0,0.1,0.9,3072,5.0,100,4,queued-8
eval_182,5500.0,40000.0,0.1,0.9,3072,5.0,100,4,queued-8
eval_183,5500.0,40000.0,0.1,0.9,3072,5.0,100,4,queued-8
eval_184,5500.0,40000.0,0.1,0.9,3072,5.0,100,4,queued-8
eval_185,5750.0,40000.0,0.1,0.9,3072,5.0,100,4,queued-8
eval_186,5750.0,40000.0,0.1,0.9,3072,5.0,100,4,queued-8
eval_187,5750.0,40000.0,0.1,0.9,3072,5.0,100,4,queued-8
eval_188,5750.0,40000.0,0.1,0.9,3072,5.0,100,4,queued-8
eval_189,5750.0,40000.0,0.1,0.9,3072,5.0,100,4,queued-8
eval_190,5750.0,40000.0,0.1,0.9,3072,5.0,100,4,queued-8
eval_191,5750.0,40000.0,0.1,0.9,3072,5.0,100,4,queued-8
eval_192,5750.0,40000.0,0.1,0.9,3072,5.0,100,4,queued-8
eval_193,6000.0,40000.0,0.1,0.9,3072,5.0,100,4,queued-8
eval_194,6000.0,40000.0,0.1,0.9,3072,5.0,100,4,queued-8
eval_195,6000.0,40000.0,0.1,0.9,3072,5.0,100,4,queued-8
eval_196,6000.0,40000.0,0.1,0.9,3072,5.0,100,4,queued-8
eval_197,6000.0,40000.0,0.1,0.9,3072,5.0,100,4,queued-8
eval_198,6000.0,40000.0,0.1,0.9,3072,5.0,100,4,queued-8
eval_199,6000.0,40000.0,0.1,0.9,3072,5.0,100,4,queued-8
eval_200,6000.0,40000.0,0.1,0.9,3072,5.0,100,4,queued-8
