prompt_id,checkpoint,N,K,rho,support,selected_candidate,candidate_portfolio,threshold,honest_fpr,adaptive_detection_rate,selection_detection_rate,honest_full_energy,attacked_full_energy,relative_l2,residual_dot,residual_cosine,median_estimator_relative_error,p90_estimator_relative_error,selection_draws,test_draws,projection_family
eval_001,prefill__C1,16384,1,0.01,1,7,8,0.0002378352294877678,0.005859375,0.166015625,0.046875,3.788488441181147e-05,0.00013788488441181148,0.01,0.0,0.0,0.8257453642995244,1.6271600082893392,64,512,lut16
eval_001,prefill__C1,16384,2,0.01,1,7,8,0.00017098889857114285,0.0078125,0.2734375,0.171875,3.788488441181147e-05,0.00013788488441181148,0.01,0.0,0.0,0.6049993025362825,1.1056700400637196,64,512,lut16
eval_001,prefill__C1,16384,4,0.01,1,7,8,0.00010531795613451021,0.009765625,0.529296875,0.40625,3.788488441181147e-05,0.00013788488441181148,0.01,0.0,0.0,0.4939526211842074,1.0185122157569966,64,512,lut16
eval_001,prefill__C1,16384,8,0.01,1,3,8,8.138016426037555e-05,0.01171875,0.763671875,0.640625,3.788488441181147e-05,0.00013788488441181148,0.01,0.0,0.0,0.33934739671231023,0.7476403173583963,64,512,lut16
eval_001,prefill__C1,16384,16,0.01,1,0,8,6.733398826356121e-05,0.01171875,0.96484375,0.90625,3.788488441181147e-05,0.00013788488441181148,0.01,0.0,0.0,0.24424404653015047,0.5997767544715176,64,512,lut16
eval_001,prefill__C1,16384,32,0.01,1,7,8,5.549234311351519e-05,0.0390625,1.0,1.0,3.788488441181147e-05,0.00013788488441181148,0.01,0.0,0.0,0.16676214268370257,0.40163151786900786,64,512,lut16
eval_001,prefill__C1,16384,64,0.01,1,7,8,5.289751791607789e-05,0.009765625,1.0,1.0,3.788488441181147e-05,0.00013788488441181148,0.01,0.0,0.0,0.12514499727369544,0.28069785784743106,64,512,lut16
eval_001,prefill__C1,16384,1,0.01,16,7,8,0.0002378352294877678,0.005859375,0.1875,0.125,3.788488441181147e-05,0.00013788488441181146,0.01,-4.336808689942018e-19,-4.3004840566842576e-19,0.8293723202749685,1.6219006772158586,64,512,lut16
eval_001,prefill__C1,16384,2,0.01,16,7,8,0.00017098889857114285,0.0078125,0.2890625,0.1875,3.788488441181147e-05,0.00013788488441181146,0.01,-4.336808689942018e-19,-4.3004840566842576e-19,0.6279372293503802,1.1716986958522255,64,512,lut16
eval_001,prefill__C1,16384,4,0.01,16,2,8,0.00010531795613451021,0.009765625,0.537109375,0.40625,3.788488441181147e-05,0.00013788488441181146,0.01,-1.1926223897340549e-18,-1.1826331155881708e-18,0.4964018873712795,0.9605780335834521,64,512,lut16
eval_001,prefill__C1,16384,8,0.01,16,2,8,8.138016426037555e-05,0.01171875,0.783203125,0.75,3.788488441181147e-05,0.00013788488441181146,0.01,-1.1926223897340549e-18,-1.1826331155881708e-18,0.32806030523232294,0.7220054864713349,64,512,lut16
eval_001,prefill__C1,16384,16,0.01,16,3,8,6.733398826356121e-05,0.01171875,0.943359375,0.9375,3.788488441181147e-05,0.00013788488441181146,0.009999999999999998,-1.0842021724855044e-19,-1.0751210141710644e-19,0.2433559382314636,0.5731237124783493,64,512,lut16
eval_001,prefill__C1,16384,32,0.01,16,1,8,5.549234311351519e-05,0.0390625,0.998046875,1.0,3.788488441181147e-05,0.00013788488441181148,0.01,-1.3417001884508117e-18,-1.330462255036692e-18,0.1633656704340001,0.42033342993236655,64,512,lut16
eval_001,prefill__C1,16384,64,0.01,16,5,8,5.289751791607789e-05,0.009765625,1.0,1.0,3.788488441181147e-05,0.00013788488441181146,0.01,-4.0657581468206416e-20,-4.0317038031414917e-20,0.11417945342052863,0.2888355647249102,64,512,lut16
eval_001,prefill__C1,16384,1,0.01,256,1,8,0.0002378352294877678,0.005859375,0.15625,0.15625,3.788488441181147e-05,0.00013788488441181148,0.01,8.673617379884035e-19,8.600968113368515e-19,0.8174353840836821,1.541921521079016,64,512,lut16
eval_001,prefill__C1,16384,2,0.01,256,0,8,0.00017098889857114285,0.0078125,0.267578125,0.21875,3.788488441181147e-05,0.00013788488441181146,0.01,0.0,0.0,0.6251236262884676,1.1308161782423742,64,512,lut16
eval_001,prefill__C1,16384,4,0.01,256,0,8,0.00010531795613451021,0.009765625,0.5390625,0.46875,3.788488441181147e-05,0.00013788488441181146,0.01,0.0,0.0,0.47238885746532044,0.898175250314852,64,512,lut16
eval_001,prefill__C1,16384,8,0.01,256,1,8,8.138016426037555e-05,0.01171875,0.775390625,0.6875,3.788488441181147e-05,0.00013788488441181148,0.01,8.673617379884035e-19,8.600968113368515e-19,0.33387133447546324,0.7259386614703803,64,512,lut16
eval_001,prefill__C1,16384,16,0.01,256,3,8,6.733398826356121e-05,0.01171875,0.953125,0.90625,3.788488441181147e-05,0.00013788488441181146,0.01,0.0,0.0,0.22708523038647227,0.5356200825397278,64,512,lut16
eval_001,prefill__C1,16384,32,0.01,256,3,8,5.549234311351519e-05,0.0390625,0.99609375,0.984375,3.788488441181147e-05,0.00013788488441181146,0.01,0.0,0.0,0.15686687783884465,0.38173952216267726,64,512,lut16
eval_001,prefill__C1,16384,64,0.01,256,4,8,5.289751791607789e-05,0.009765625,1.0,1.0,3.788488441181147e-05,0.00013788488441181148,0.01,0.0,0.0,0.10886246990654525,0.2739830850439351,64,512,lut16
eval_001,prefill__C1,16384,1,0.02,1,6,8,0.0002378352294877678,0.005859375,0.431640625,0.4375,3.788488441181147e-05,0.0004378848844118115,0.02,0.0,0.0,0.7865313254760224,1.4674394205720698,64,512,lut16
eval_001,prefill__C1,16384,2,0.02,1,6,8,0.00017098889857114285,0.0078125,0.6796875,0.609375,3.788488441181147e-05,0.0004378848844118115,0.02,0.0,0.0,0.6209623189518967,1.4106148439212172,64,512,lut16
eval_001,prefill__C1,16384,4,0.02,1,6,8,0.00010531795613451021,0.009765625,0.90625,0.84375,3.788488441181147e-05,0.0004378848844118115,0.02,0.0,0.0,0.4626751257339068,0.9720755866890235,64,512,lut16
eval_001,prefill__C1,16384,8,0.02,1,0,8,8.138016426037555e-05,0.01171875,0.990234375,0.984375,3.788488441181147e-05,0.0004378848844118115,0.02,0.0,0.0,0.3323528907154778,0.7440757269725758,64,512,lut16
eval_001,prefill__C1,16384,16,0.02,1,5,8,6.733398826356121e-05,0.01171875,1.0,1.0,3.788488441181147e-05,0.0004378848844118115,0.02,0.0,0.0,0.21965143940226556,0.5636354157753625,64,512,lut16
eval_001,prefill__C1,16384,32,0.02,1,5,8,5.549234311351519e-05,0.0390625,1.0,1.0,3.788488441181147e-05,0.0004378848844118115,0.02,0.0,0.0,0.1663581778120803,0.3886006588548026,64,512,lut16
eval_001,prefill__C1,16384,64,0.02,1,5,8,5.289751791607789e-05,0.009765625,1.0,1.0,3.788488441181147e-05,0.0004378848844118115,0.02,0.0,0.0,0.11980232070796694,0.29310228561191237,64,512,lut16
eval_001,prefill__C1,16384,1,0.02,16,2,8,0.0002378352294877678,0.005859375,0.51171875,0.40625,3.788488441181147e-05,0.00043788488441181156,0.02,-5.421010862427522e-20,-2.687802535427661e-20,0.8220814447404015,1.7846696329175489,64,512,lut16
eval_001,prefill__C1,16384,2,0.02,16,5,8,0.00017098889857114285,0.0078125,0.681640625,0.609375,3.788488441181147e-05,0.00043788488441181156,0.02,-4.336808689942018e-19,-2.1502420283421288e-19,0.6026919629612816,1.1106332806363475,64,512,lut16
eval_001,prefill__C1,16384,4,0.02,16,2,8,0.00010531795613451021,0.009765625,0.91796875,0.859375,3.788488441181147e-05,0.00043788488441181156,0.02,-5.421010862427522e-20,-2.687802535427661e-20,0.4595776213770475,0.9729386590823922,64,512,lut16
eval_001,prefill__C1,16384,8,0.02,16,5,8,8.138016426037555e-05,0.01171875,0.990234375,0.984375,3.788488441181147e-05,0.00043788488441181156,0.02,-4.336808689942018e-19,-2.1502420283421288e-19,0.33082211830661823,0.7100454151742374,64,512,lut16
eval_001,prefill__C1,16384,16,0.02,16,6,8,6.733398826356121e-05,0.01171875,0.998046875,1.0,3.788488441181147e-05,0.0004378848844118115,0.02,1.0842021724855044e-19,5.375605070855322e-20,0.25385218358030526,0.5540223727245432,64,512,lut16
eval_001,prefill__C1,16384,32,0.02,16,0,8,5.549234311351519e-05,0.0390625,1.0,1.0,3.788488441181147e-05,0.00043788488441181146,0.02,-1.8431436932253575e-18,-9.138528620454047e-19,0.1666633864781814,0.3932653970085386,64,512,lut16
eval_001,prefill__C1,16384,64,0.02,16,2,8,5.289751791607789e-05,0.009765625,1.0,1.0,3.788488441181147e-05,0.00043788488441181156,0.02,-5.421010862427522e-20,-2.687802535427661e-20,0.11562722400184607,0.26991309744440223,64,512,lut16
eval_001,prefill__C1,16384,1,0.02,256,6,8,0.0002378352294877678,0.005859375,0.466796875,0.375,3.788488441181147e-05,0.00043788488441181156,0.02,1.3010426069826053e-18,6.450726085026387e-19,0.8208484617436287,1.6629784922285131,64,512,lut16
eval_001,prefill__C1,16384,2,0.02,256,6,8,0.00017098889857114285,0.0078125,0.6953125,0.59375,3.788488441181147e-05,0.00043788488441181156,0.02,1.3010426069826053e-18,6.450726085026387e-19,0.6007991742917203,1.3099666099263167,64,512,lut16
eval_001,prefill__C1,16384,4,0.02,256,0,8,0.00010531795613451021,0.009765625,0.931640625,0.859375,3.788488441181147e-05,0.0004378848844118115,0.02,8.673617379884035e-19,4.3004840566842576e-19,0.464921369287876,0.9756026158607782,64,512,lut16
eval_001,prefill__C1,16384,8,0.02,256,0,8,8.138016426037555e-05,0.01171875,0.994140625,0.984375,3.788488441181147e-05,0.0004378848844118115,0.02,8.673617379884035e-19,4.3004840566842576e-19,0.3461097730750256,0.7657577351263178,64,512,lut16
eval_001,prefill__C1,16384,16,0.02,256,5,8,6.733398826356121e-05,0.01171875,1.0,1.0,3.788488441181147e-05,0.00043788488441181146,0.02,0.0,0.0,0.2320494193840738,0.5890054609225001,64,512,lut16
eval_001,prefill__C1,16384,32,0.02,256,1,8,5.549234311351519e-05,0.0390625,1.0,1.0,3.788488441181147e-05,0.0004378848844118116,0.020000000000000004,8.673617379884035e-19,4.3004840566842576e-19,0.16315938139857128,0.3914787866747585,64,512,lut16
eval_001,prefill__C1,16384,64,0.02,256,6,8,5.289751791607789e-05,0.009765625,1.0,1.0,3.788488441181147e-05,0.00043788488441181156,0.02,1.3010426069826053e-18,6.450726085026387e-19,0.10777590789664943,0.27013171390352286,64,512,lut16
eval_001,prefill__C1,16384,1,0.05,1,6,8,0.0002378352294877678,0.005859375,0.798828125,0.65625,3.788488441181147e-05,0.002537884884411812,0.05,0.0,0.0,0.8449713713135458,2.351624632223493,64,512,lut16
eval_001,prefill__C1,16384,2,0.05,1,2,8,0.00017098889857114285,0.0078125,0.9296875,0.875,3.788488441181147e-05,0.002537884884411812,0.05,0.0,0.0,0.5998346165517054,1.3548123491977906,64,512,lut16
eval_001,prefill__C1,16384,4,0.05,1,3,8,0.00010531795613451021,0.009765625,1.0,0.96875,3.788488441181147e-05,0.002537884884411812,0.05,0.0,0.0,0.47271142781199615,0.9849346577627476,64,512,lut16
eval_001,prefill__C1,16384,8,0.05,1,2,8,8.138016426037555e-05,0.01171875,1.0,1.0,3.788488441181147e-05,0.002537884884411812,0.05,0.0,0.0,0.3396539576834984,0.7672197697318124,64,512,lut16
eval_001,prefill__C1,16384,16,0.05,1,5,8,6.733398826356121e-05,0.01171875,1.0,1.0,3.788488441181147e-05,0.002537884884411812,0.05,0.0,0.0,0.23151282266349676,0.5420125354861024,64,512,lut16
eval_001,prefill__C1,16384,32,0.05,1,3,8,5.549234311351519e-05,0.0390625,1.0,1.0,3.788488441181147e-05,0.002537884884411812,0.05,0.0,0.0,0.1564067314688503,0.36799017173035314,64,512,lut16
eval_001,prefill__C1,16384,64,0.05,1,3,8,5.289751791607789e-05,0.009765625,1.0,1.0,3.788488441181147e-05,0.002537884884411812,0.05,0.0,0.0,0.1100997362759366,0.277562290198382,64,512,lut16
eval_001,prefill__C1,16384,1,0.05,16,0,8,0.0002378352294877678,0.005859375,0.765625,0.640625,3.788488441181147e-05,0.002537884884411812,0.05,-6.5052130349130266e-18,-1.290145217005277e-18,0.8120098006887106,1.5517162959618553,64,512,lut16
eval_001,prefill__C1,16384,2,0.05,16,5,8,0.00017098889857114285,0.0078125,0.9453125,0.890625,3.788488441181147e-05,0.002537884884411811,0.049999999999999996,-1.3010426069826053e-18,-2.580290434010554e-19,0.6534753363011575,1.4141972899125799,64,512,lut16
eval_001,prefill__C1,16384,4,0.05,16,7,8,0.00010531795613451021,0.009765625,0.998046875,0.984375,3.788488441181147e-05,0.002537884884411811,0.049999999999999996,-1.0842021724855044e-18,-2.1502420283421283e-19,0.4473047989635643,0.9302879426054634,64,512,lut16
eval_001,prefill__C1,16384,8,0.05,16,7,8,8.138016426037555e-05,0.01171875,1.0,1.0,3.788488441181147e-05,0.002537884884411811,0.049999999999999996,-1.0842021724855044e-18,-2.1502420283421283e-19,0.3183130472536131,0.7085475846332467,64,512,lut16
eval_001,prefill__C1,16384,16,0.05,16,0,8,6.733398826356121e-05,0.01171875,1.0,1.0,3.788488441181147e-05,0.002537884884411812,0.05,-6.5052130349130266e-18,-1.290145217005277e-18,0.23216646342176522,0.5467038314010566,64,512,lut16
eval_001,prefill__C1,16384,32,0.05,16,7,8,5.549234311351519e-05,0.0390625,1.0,1.0,3.788488441181147e-05,0.002537884884411811,0.049999999999999996,-1.0842021724855044e-18,-2.1502420283421283e-19,0.15725997934759844,0.37504847267333347,64,512,lut16
eval_001,prefill__C1,16384,64,0.05,16,7,8,5.289751791607789e-05,0.009765625,1.0,1.0,3.788488441181147e-05,0.002537884884411811,0.049999999999999996,-1.0842021724855044e-18,-2.1502420283421283e-19,0.10932530241804858,0.28184565196700295,64,512,lut16
eval_001,prefill__C1,16384,1,0.05,256,5,8,0.0002378352294877678,0.005859375,0.763671875,0.6875,3.788488441181147e-05,0.002537884884411812,0.05,-2.6020852139652106e-18,-5.160580868021108e-19,0.8504865807860958,1.7364186642569719,64,512,lut16
eval_001,prefill__C1,16384,2,0.05,256,3,8,0.00017098889857114285,0.0078125,0.9296875,0.859375,3.788488441181147e-05,0.002537884884411812,0.05,0.0,0.0,0.6348710326300917,1.1457848955040582,64,512,lut16
eval_001,prefill__C1,16384,4,0.05,256,7,8,0.00010531795613451021,0.009765625,0.99609375,0.984375,3.788488441181147e-05,0.0025378848844118114,0.05,-7.37257477290143e-18,-1.4621645792726472e-18,0.47985073323002503,0.9078790625066551,64,512,lut16
eval_001,prefill__C1,16384,8,0.05,256,7,8,8.138016426037555e-05,0.01171875,1.0,1.0,3.788488441181147e-05,0.0025378848844118114,0.05,-7.37257477290143e-18,-1.4621645792726472e-18,0.314131247045893,0.71719791583075,64,512,lut16
eval_001,prefill__C1,16384,16,0.05,256,2,8,6.733398826356121e-05,0.01171875,1.0,1.0,3.788488441181147e-05,0.002537884884411811,0.049999999999999996,-1.734723475976807e-18,-3.4403872453474054e-19,0.2232835911012938,0.5663313205105147,64,512,lut16
eval_001,prefill__C1,16384,32,0.05,256,0,8,5.549234311351519e-05,0.0390625,1.0,1.0,3.788488441181147e-05,0.0025378848844118114,0.05,6.071532165918825e-18,1.204135535871592e-18,0.16742745923388552,0.4193945184446722,64,512,lut16
eval_001,prefill__C1,16384,64,0.05,256,1,8,5.289751791607789e-05,0.009765625,1.0,1.0,3.788488441181147e-05,0.002537884884411812,0.05,-1.0842021724855044e-17,-2.150242028342128e-18,0.12308251284018512,0.3088096033895661,64,512,lut16
eval_001,prefill__C2,16384,1,0.01,1,3,8,0.00017722071032881537,0.044921875,0.291015625,0.234375,3.83204294507862e-05,0.0001383204294507862,0.01,0.0,0.0,0.8705623770478501,2.0464453170512407,64,512,lut16
eval_001,prefill__C2,16384,2,0.01,1,1,8,0.00012122056466839885,0.05078125,0.435546875,0.375,3.83204294507862e-05,0.0001383204294507862,0.01,0.0,0.0,0.6475343788012718,1.361912245919747,64,512,lut16
eval_001,prefill__C2,16384,4,0.01,1,6,8,9.674607854302445e-05,0.033203125,0.595703125,0.546875,3.83204294507862e-05,0.0001383204294507862,0.01,0.0,0.0,0.4822873783776576,0.9541286146712783,64,512,lut16
eval_001,prefill__C2,16384,8,0.01,1,5,8,8.117987601939123e-05,0.0390625,0.791015625,0.765625,3.83204294507862e-05,0.0001383204294507862,0.01,0.0,0.0,0.3395986776534396,0.7872576225064777,64,512,lut16
eval_001,prefill__C2,16384,16,0.01,1,1,8,6.521887388365209e-05,0.05078125,0.955078125,0.921875,3.83204294507862e-05,0.0001383204294507862,0.01,0.0,0.0,0.24529322721972646,0.5836376192354471,64,512,lut16
eval_001,prefill__C2,16384,32,0.01,1,7,8,5.805949671066439e-05,0.04296875,1.0,1.0,3.83204294507862e-05,0.0001383204294507862,0.01,0.0,0.0,0.17419809811435613,0.40065498887882756,64,512,lut16
eval_001,prefill__C2,16384,64,0.01,1,3,8,5.313227355056409e-05,0.0234375,1.0,1.0,3.83204294507862e-05,0.0001383204294507862,0.01,0.0,0.0,0.12506440718019202,0.2840566200944143,64,512,lut16
eval_001,prefill__C2,16384,1,0.01,16,4,8,0.00017722071032881537,0.044921875,0.2890625,0.203125,3.83204294507862e-05,0.00013832042945078623,0.01,4.336808689942018e-19,4.2759748430722454e-19,0.8310943111546079,1.7329769452852684,64,512,lut16
eval_001,prefill__C2,16384,2,0.01,16,3,8,0.00012122056466839885,0.05078125,0.38671875,0.359375,3.83204294507862e-05,0.00013832042945078623,0.01,-2.168404344971009e-19,-2.1379874215361227e-19,0.6504573556523299,1.425752237618367,64,512,lut16
eval_001,prefill__C2,16384,4,0.01,16,6,8,9.674607854302445e-05,0.033203125,0.564453125,0.515625,3.83204294507862e-05,0.0001383204294507862,0.01,1.0842021724855044e-19,1.0689937107680614e-19,0.4896661572611934,0.9325139861785843,64,512,lut16
eval_001,prefill__C2,16384,8,0.01,16,6,8,8.117987601939123e-05,0.0390625,0.775390625,0.671875,3.83204294507862e-05,0.0001383204294507862,0.01,1.0842021724855044e-19,1.0689937107680614e-19,0.349137321286788,0.8145476896243493,64,512,lut16
eval_001,prefill__C2,16384,16,0.01,16,3,8,6.521887388365209e-05,0.05078125,0.951171875,0.921875,3.83204294507862e-05,0.00013832042945078623,0.01,-2.168404344971009e-19,-2.1379874215361227e-19,0.2442368442102456,0.5846059143142868,64,512,lut16
eval_001,prefill__C2,16384,32,0.01,16,3,8,5.805949671066439e-05,0.04296875,0.998046875,0.984375,3.83204294507862e-05,0.00013832042945078623,0.01,-2.168404344971009e-19,-2.1379874215361227e-19,0.17291864820955383,0.4023151048918179,64,512,lut16
eval_001,prefill__C2,16384,64,0.01,16,2,8,5.313227355056409e-05,0.0234375,1.0,1.0,3.83204294507862e-05,0.00013832042945078617,0.01,-1.1926223897340549e-18,-1.1758930818448676e-18,0.12368792120888816,0.2856918217891918,64,512,lut16
eval_001,prefill__C2,16384,1,0.01,256,0,8,0.00017722071032881537,0.044921875,0.21875,0.234375,3.83204294507862e-05,0.00013832042945078617,0.01,8.673617379884035e-19,8.551949686144491e-19,0.7948267288440385,1.2508365274252524,64,512,lut16
eval_001,prefill__C2,16384,2,0.01,256,2,8,0.00012122056466839885,0.05078125,0.431640625,0.296875,3.83204294507862e-05,0.00013832042945078617,0.01,2.168404344971009e-19,2.1379874215361227e-19,0.6257196816610957,1.4022644793810854,64,512,lut16
eval_001,prefill__C2,16384,4,0.01,256,0,8,9.674607854302445e-05,0.033203125,0.576171875,0.5,3.83204294507862e-05,0.00013832042945078617,0.01,8.673617379884035e-19,8.551949686144491e-19,0.4813717194114348,0.9005823080420612,64,512,lut16
eval_001,prefill__C2,16384,8,0.01,256,0,8,8.117987601939123e-05,0.0390625,0.791015625,0.734375,3.83204294507862e-05,0.00013832042945078617,0.01,8.673617379884035e-19,8.551949686144491e-19,0.3121047071925298,0.7158785465581774,64,512,lut16
eval_001,prefill__C2,16384,16,0.01,256,4,8,6.521887388365209e-05,0.05078125,0.94921875,0.921875,3.83204294507862e-05,0.00013832042945078623,0.01,1.3010426069826053e-18,1.2827924529216737e-18,0.24413668564358992,0.5753950053439011,64,512,lut16
eval_001,prefill__C2,16384,32,0.01,256,5,8,5.805949671066439e-05,0.04296875,0.99609375,0.96875,3.83204294507862e-05,0.00013832042945078617,0.01,-3.469446951953614e-18,-3.4207798744577963e-18,0.15601902939693313,0.4029963678211573,64,512,lut16
eval_001,prefill__C2,16384,64,0.01,256,3,8,5.313227355056409e-05,0.0234375,1.0,1.0,3.83204294507862e-05,0.00013832042945078623,0.01,-1.3010426069826053e-18,-1.2827924529216737e-18,0.11395737569926769,0.27771036449348396,64,512,lut16
eval_001,prefill__C2,16384,1,0.02,1,1,8,0.00017722071032881537,0.044921875,0.5546875,0.390625,3.83204294507862e-05,0.0004383204294507862,0.02,0.0,0.0,0.8379665125664985,1.9420043604274622,64,512,lut16
eval_001,prefill__C2,16384,2,0.02,1,1,8,0.00012122056466839885,0.05078125,0.767578125,0.65625,3.83204294507862e-05,0.0004383204294507862,0.02,0.0,0.0,0.6443369959899836,1.4600807140331784,64,512,lut16
eval_001,prefill__C2,16384,4,0.02,1,6,8,9.674607854302445e-05,0.033203125,0.91796875,0.8125,3.83204294507862e-05,0.0004383204294507862,0.02,0.0,0.0,0.44753931403213576,0.9322468831348594,64,512,lut16
eval_001,prefill__C2,16384,8,0.02,1,4,8,8.117987601939123e-05,0.0390625,0.99609375,0.96875,3.83204294507862e-05,0.0004383204294507862,0.02,0.0,0.0,0.33186557532115707,0.7208602587375456,64,512,lut16
eval_001,prefill__C2,16384,16,0.02,1,4,8,6.521887388365209e-05,0.05078125,1.0,1.0,3.83204294507862e-05,0.0004383204294507862,0.02,0.0,0.0,0.23949193454633688,0.5362246784940807,64,512,lut16
eval_001,prefill__C2,16384,32,0.02,1,2,8,5.805949671066439e-05,0.04296875,1.0,1.0,3.83204294507862e-05,0.0004383204294507862,0.02,0.0,0.0,0.16712594757144633,0.4045229773740514,64,512,lut16
eval_001,prefill__C2,16384,64,0.02,1,2,8,5.313227355056409e-05,0.0234375,1.0,1.0,3.83204294507862e-05,0.0004383204294507862,0.02,0.0,0.0,0.12547649412399575,0.2828375296499524,64,512,lut16
eval_001,prefill__C2,16384,1,0.02,16,2,8,0.00017722071032881537,0.044921875,0.5234375,0.390625,3.83204294507862e-05,0.00043832042945078615,0.02,4.336808689942018e-19,2.1379874215361227e-19,0.8339785863950355,2.082430124693289,64,512,lut16
eval_001,prefill__C2,16384,2,0.02,16,5,8,0.00012122056466839885,0.05078125,0.79296875,0.65625,3.83204294507862e-05,0.00043832042945078615,0.02,2.168404344971009e-18,1.0689937107680613e-18,0.6272070558091758,1.119613532002304,64,512,lut16
eval_001,prefill__C2,16384,4,0.02,16,2,8,9.674607854302445e-05,0.033203125,0.92578125,0.875,3.83204294507862e-05,0.00043832042945078615,0.02,4.336808689942018e-19,2.1379874215361227e-19,0.47524211716380943,0.978676845214745,64,512,lut16
eval_001,prefill__C2,16384,8,0.02,16,4,8,8.117987601939123e-05,0.0390625,0.9921875,0.96875,3.83204294507862e-05,0.00043832042945078615,0.02,6.505213034913027e-19,3.206981132304184e-19,0.3161238877073701,0.7199822194366633,64,512,lut16
eval_001,prefill__C2,16384,16,0.02,16,4,8,6.521887388365209e-05,0.05078125,1.0,1.0,3.83204294507862e-05,0.00043832042945078615,0.02,6.505213034913027e-19,3.206981132304184e-19,0.24184651197738039,0.552838107060885,64,512,lut16
eval_001,prefill__C2,16384,32,0.02,16,4,8,5.805949671066439e-05,0.04296875,1.0,1.0,3.83204294507862e-05,0.00043832042945078615,0.02,6.505213034913027e-19,3.206981132304184e-19,0.18388410330149427,0.40165246373616814,64,512,lut16
eval_001,prefill__C2,16384,64,0.02,16,4,8,5.313227355056409e-05,0.0234375,1.0,1.0,3.83204294507862e-05,0.00043832042945078615,0.02,6.505213034913027e-19,3.206981132304184e-19,0.13110382152303246,0.29883524276193174,64,512,lut16
eval_001,prefill__C2,16384,1,0.02,256,7,8,0.00017722071032881537,0.044921875,0.521484375,0.421875,3.83204294507862e-05,0.0004383204294507862,0.02,1.734723475976807e-18,8.551949686144491e-19,0.7990079706653175,1.4636289617026992,64,512,lut16
eval_001,prefill__C2,16384,2,0.02,256,1,8,0.00012122056466839885,0.05078125,0.767578125,0.671875,3.83204294507862e-05,0.00043832042945078604,0.019999999999999997,1.3010426069826053e-18,6.413962264608368e-19,0.6448198217982517,1.5678303436534997,64,512,lut16
eval_001,prefill__C2,16384,4,0.02,256,3,8,9.674607854302445e-05,0.033203125,0.921875,0.890625,3.83204294507862e-05,0.00043832042945078615,0.02,5.204170427930421e-18,2.5655849058433474e-18,0.45833753733796634,0.9675918800084068,64,512,lut16
eval_001,prefill__C2,16384,8,0.02,256,3,8,8.117987601939123e-05,0.0390625,0.990234375,0.984375,3.83204294507862e-05,0.00043832042945078615,0.02,5.204170427930421e-18,2.5655849058433474e-18,0.33423068509869874,0.7366633365296718,64,512,lut16
eval_001,prefill__C2,16384,16,0.02,256,7,8,6.521887388365209e-05,0.05078125,1.0,1.0,3.83204294507862e-05,0.0004383204294507862,0.02,1.734723475976807e-18,8.551949686144491e-19,0.2369816398149882,0.5529362336478882,64,512,lut16
eval_001,prefill__C2,16384,32,0.02,256,4,8,5.805949671066439e-05,0.04296875,1.0,1.0,3.83204294507862e-05,0.00043832042945078626,0.02,1.3010426069826053e-18,6.413962264608368e-19,0.16792571196561346,0.38069655060445357,64,512,lut16
eval_001,prefill__C2,16384,64,0.02,256,4,8,5.313227355056409e-05,0.0234375,1.0,1.0,3.83204294507862e-05,0.00043832042945078626,0.02,1.3010426069826053e-18,6.413962264608368e-19,0.11016426372908719,0.27584020411376986,64,512,lut16
eval_001,prefill__C2,16384,1,0.05,1,3,8,0.00017722071032881537,0.044921875,0.779296875,0.734375,3.83204294507862e-05,0.0025383204294507867,0.05,0.0,0.0,0.8593819691397769,1.7039924773687798,64,512,lut16
eval_001,prefill__C2,16384,2,0.05,1,3,8,0.00012122056466839885,0.05078125,0.9453125,0.875,3.83204294507862e-05,0.0025383204294507867,0.05,0.0,0.0,0.666147953393414,1.4343025559652895,64,512,lut16
eval_001,prefill__C2,16384,4,0.05,1,2,8,9.674607854302445e-05,0.033203125,0.998046875,0.984375,3.83204294507862e-05,0.0025383204294507867,0.05,0.0,0.0,0.4768204959364032,0.948024639091896,64,512,lut16
eval_001,prefill__C2,16384,8,0.05,1,0,8,8.117987601939123e-05,0.0390625,1.0,1.0,3.83204294507862e-05,0.0025383204294507867,0.05,0.0,0.0,0.3350911551974163,0.7669847019525491,64,512,lut16
eval_001,prefill__C2,16384,16,0.05,1,0,8,6.521887388365209e-05,0.05078125,1.0,1.0,3.83204294507862e-05,0.0025383204294507867,0.05,0.0,0.0,0.24900994283962263,0.5406878659294809,64,512,lut16
eval_001,prefill__C2,16384,32,0.05,1,0,8,5.805949671066439e-05,0.04296875,1.0,1.0,3.83204294507862e-05,0.0025383204294507867,0.05,0.0,0.0,0.17224223849475545,0.39737435912339536,64,512,lut16
eval_001,prefill__C2,16384,64,0.05,1,5,8,5.313227355056409e-05,0.0234375,1.0,1.0,3.83204294507862e-05,0.0025383204294507867,0.05,0.0,0.0,0.11855656974838535,0.28722277852571954,64,512,lut16
eval_001,prefill__C2,16384,1,0.05,16,7,8,0.00017722071032881537,0.044921875,0.794921875,0.734375,3.83204294507862e-05,0.0025383204294507867,0.05,0.0,0.0,0.8169036156721345,1.5971757146574037,64,512,lut16
eval_001,prefill__C2,16384,2,0.05,16,5,8,0.00012122056466839885,0.05078125,0.947265625,0.90625,3.83204294507862e-05,0.0025383204294507867,0.05,5.204170427930421e-18,1.026233962337339e-18,0.6256957592277028,1.2772429594549308,64,512,lut16
eval_001,prefill__C2,16384,4,0.05,16,4,8,9.674607854302445e-05,0.033203125,0.998046875,0.96875,3.83204294507862e-05,0.002538320429450786,0.049999999999999996,-2.168404344971009e-19,-4.2759748430722453e-20,0.4462142577227582,0.9716187523439186,64,512,lut16
eval_001,prefill__C2,16384,8,0.05,16,3,8,8.117987601939123e-05,0.0390625,1.0,1.0,3.83204294507862e-05,0.0025383204294507863,0.05,4.336808689942018e-19,8.551949686144491e-20,0.3191608855862451,0.6953395901838831,64,512,lut16
eval_001,prefill__C2,16384,16,0.05,16,7,8,6.521887388365209e-05,0.05078125,1.0,1.0,3.83204294507862e-05,0.0025383204294507867,0.05,0.0,0.0,0.2571141673594956,0.575158810081304,64,512,lut16
eval_001,prefill__C2,16384,32,0.05,16,7,8,5.805949671066439e-05,0.04296875,1.0,1.0,3.83204294507862e-05,0.0025383204294507867,0.05,0.0,0.0,0.16595479204298696,0.4043358957778972,64,512,lut16
eval_001,prefill__C2,16384,64,0.05,16,5,8,5.313227355056409e-05,0.0234375,1.0,1.0,3.83204294507862e-05,0.0025383204294507867,0.05,5.204170427930421e-18,1.026233962337339e-18,0.127914953416284,0.29846854436907466,64,512,lut16
eval_001,prefill__C2,16384,1,0.05,256,4,8,0.00017722071032881537,0.044921875,0.810546875,0.6875,3.83204294507862e-05,0.002538320429450786,0.049999999999999996,-4.336808689942018e-19,-8.551949686144491e-20,0.7863178393584271,1.6819310716614153,64,512,lut16
eval_001,prefill__C2,16384,2,0.05,256,0,8,0.00012122056466839885,0.05078125,0.966796875,0.921875,3.83204294507862e-05,0.0025383204294507867,0.05,-6.938893903907228e-18,-1.3683119497831185e-18,0.6379053143530321,1.4335987613513348,64,512,lut16
eval_001,prefill__C2,16384,4,0.05,256,0,8,9.674607854302445e-05,0.033203125,0.998046875,0.96875,3.83204294507862e-05,0.0025383204294507867,0.05,-6.938893903907228e-18,-1.3683119497831185e-18,0.4676256077643775,1.01849186786334,64,512,lut16
eval_001,prefill__C2,16384,8,0.05,256,7,8,8.117987601939123e-05,0.0390625,1.0,1.0,3.83204294507862e-05,0.0025383204294507867,0.05,-8.673617379884035e-19,-1.7103899372288981e-19,0.3215959106910514,0.7302765978213034,64,512,lut16
eval_001,prefill__C2,16384,16,0.05,256,6,8,6.521887388365209e-05,0.05078125,1.0,1.0,3.83204294507862e-05,0.002538320429450786,0.049999999999999996,1.734723475976807e-18,3.4207798744577962e-19,0.23209200972907607,0.5153809036588949,64,512,lut16
eval_001,prefill__C2,16384,32,0.05,256,7,8,5.805949671066439e-05,0.04296875,1.0,1.0,3.83204294507862e-05,0.0025383204294507867,0.05,-8.673617379884035e-19,-1.7103899372288981e-19,0.16587791504168012,0.4101402476996902,64,512,lut16
eval_001,prefill__C2,16384,64,0.05,256,0,8,5.313227355056409e-05,0.0234375,1.0,1.0,3.83204294507862e-05,0.0025383204294507867,0.05,-6.938893903907228e-18,-1.3683119497831185e-18,0.11586055390954363,0.281758074046439,64,512,lut16
eval_001,prefill__C3,16384,1,0.01,1,2,8,0.0018004309177426395,0.02734375,0.048828125,0.015625,0.00032980081512042585,0.0004298059413722808,0.01,4.1994255195999225e-05,1.4113803980364734e-05,0.8333403227183193,1.4150380872511807,64,512,lut16
eval_001,prefill__C3,16384,2,0.01,1,5,8,0.001330147080108674,0.01953125,0.03515625,0.0,0.00032980081512042585,0.00042981969396684066,0.01,0.00015465550983015494,5.19780036587988e-05,0.6150362408784174,1.1588516328458618,64,512,lut16
eval_001,prefill__C3,16384,4,0.01,1,7,8,0.000912562635189708,0.02734375,0.064453125,0.03125,0.00032980081512042585,0.0004298134484833307,0.01,0.00010349250891636256,3.478268580938777e-05,0.42440720850792235,0.8828144048941086,64,512,lut16
eval_001,prefill__C3,16384,8,0.01,1,7,8,0.0006515863340563864,0.056640625,0.138671875,0.09375,0.00032980081512042585,0.0004298134484833307,0.01,0.00010349250891636256,3.478268580938777e-05,0.3280224736363838,0.7549263127420347,64,512,lut16
eval_001,prefill__C3,16384,16,0.01,1,2,8,0.0005278076166150847,0.056640625,0.236328125,0.140625,0.00032980081512042585,0.0004298059413722808,0.01,4.1994255195999225e-05,1.4113803980364734e-05,0.25208532274896295,0.6150959891540596,64,512,lut16
eval_001,prefill__C3,16384,32,0.01,1,5,8,0.0005337116046213269,0.01953125,0.169921875,0.109375,0.00032980081512042585,0.00042981969396684066,0.01,0.00015465550983015494,5.19780036587988e-05,0.1771619202730807,0.4169479545489546,64,512,lut16
eval_001,prefill__C3,16384,64,0.01,1,0,8,0.0004641226051892342,0.01953125,0.333984375,0.203125,0.00032980081512042585,0.00042981169416602923,0.01,8.912114158262059e-05,2.9952628447218497e-05,0.12373466300299399,0.2739044327125455,64,512,lut16
eval_001,prefill__C3,16384,1,0.01,16,6,8,0.0018004309177426395,0.02734375,0.044921875,0.0,0.00032980081512042585,0.00042980081512042584,0.01,-1.734723475976807e-18,-5.830213438910127e-19,0.8420015678615657,1.6715127643898147,64,512,lut16
eval_001,prefill__C3,16384,2,0.01,16,3,8,0.001330147080108674,0.01953125,0.044921875,0.0,0.00032980081512042585,0.0004298008151204259,0.010000000000000002,-1.734723475976807e-18,-5.830213438910127e-19,0.641337132067148,1.3276753563490027,64,512,lut16
eval_001,prefill__C3,16384,4,0.01,16,3,8,0.000912562635189708,0.02734375,0.08203125,0.03125,0.00032980081512042585,0.0004298008151204259,0.010000000000000002,-1.734723475976807e-18,-5.830213438910127e-19,0.4765891480509489,0.9651258386040845,64,512,lut16
eval_001,prefill__C3,16384,8,0.01,16,0,8,0.0006515863340563864,0.056640625,0.15234375,0.109375,0.00032980081512042585,0.00042980081512042584,0.01,1.734723475976807e-18,5.830213438910127e-19,0.33022532424960815,0.7473589482682405,64,512,lut16
eval_001,prefill__C3,16384,16,0.01,16,3,8,0.0005278076166150847,0.056640625,0.248046875,0.203125,0.00032980081512042585,0.0004298008151204259,0.010000000000000002,-1.734723475976807e-18,-5.830213438910127e-19,0.2479842244318336,0.5647775157085346,64,512,lut16
eval_001,prefill__C3,16384,32,0.01,16,3,8,0.0005337116046213269,0.01953125,0.1875,0.109375,0.00032980081512042585,0.0004298008151204259,0.010000000000000002,-1.734723475976807e-18,-5.830213438910127e-19,0.16393003024699548,0.4235933755371616,64,512,lut16
eval_001,prefill__C3,16384,64,0.01,16,3,8,0.0004641226051892342,0.01953125,0.322265625,0.28125,0.00032980081512042585,0.0004298008151204259,0.010000000000000002,-1.734723475976807e-18,-5.830213438910127e-19,0.10426509441835982,0.291506577805791,64,512,lut16
eval_001,prefill__C3,16384,1,0.01,256,6,8,0.0018004309177426395,0.02734375,0.0390625,0.0,0.00032980081512042585,0.00042980081512042584,0.01,0.0,0.0,0.8100323668194501,1.4258859040437,64,512,lut16
eval_001,prefill__C3,16384,2,0.01,256,1,8,0.001330147080108674,0.01953125,0.044921875,0.0,0.00032980081512042585,0.00042980081512042584,0.01,-3.469446951953614e-18,-1.1660426877820253e-18,0.6190166598652781,1.149210510602493,64,512,lut16
eval_001,prefill__C3,16384,4,0.01,256,3,8,0.000912562635189708,0.02734375,0.056640625,0.015625,0.00032980081512042585,0.00042980081512042584,0.01,5.204170427930421e-18,1.7490640316730377e-18,0.4310919346679964,0.9107883998612445,64,512,lut16
eval_001,prefill__C3,16384,8,0.01,256,7,8,0.0006515863340563864,0.056640625,0.162109375,0.0625,0.00032980081512042585,0.00042980081512042584,0.009999999999999998,-6.938893903907228e-18,-2.3320853755640507e-18,0.3560315059296943,0.7489432904200379,64,512,lut16
eval_001,prefill__C3,16384,16,0.01,256,5,8,0.0005278076166150847,0.056640625,0.220703125,0.140625,0.00032980081512042585,0.00042980081512042584,0.01,1.734723475976807e-18,5.830213438910127e-19,0.23953178151370258,0.5360914612342788,64,512,lut16
eval_001,prefill__C3,16384,32,0.01,256,5,8,0.0005337116046213269,0.01953125,0.16015625,0.109375,0.00032980081512042585,0.00042980081512042584,0.01,1.734723475976807e-18,5.830213438910127e-19,0.17286244817498692,0.4052512100794992,64,512,lut16
eval_001,prefill__C3,16384,64,0.01,256,3,8,0.0004641226051892342,0.01953125,0.30078125,0.171875,0.00032980081512042585,0.00042980081512042584,0.01,5.204170427930421e-18,1.7490640316730377e-18,0.11049761914951617,0.3007280268356649,64,512,lut16
eval_001,prefill__C3,16384,1,0.02,1,5,8,0.0018004309177426395,0.02734375,0.103515625,0.078125,0.00032980081512042585,0.0007298371573981599,0.02,0.000297715939197859,5.002951460928734e-05,0.8253682234249999,1.5144572520642126,64,512,lut16
eval_001,prefill__C3,16384,2,0.02,1,5,8,0.001330147080108674,0.01953125,0.16015625,0.140625,0.00032980081512042585,0.0007298371573981599,0.02,0.000297715939197859,5.002951460928734e-05,0.6083971440360247,1.2640571068519018,64,512,lut16
eval_001,prefill__C3,16384,4,0.02,1,3,8,0.000912562635189708,0.02734375,0.267578125,0.28125,0.00032980081512042585,0.0007298377924838064,0.02,0.0003029185608138078,5.0903786355848814e-05,0.4922058870459909,0.9164677443665498,64,512,lut16
eval_001,prefill__C3,16384,8,0.02,1,7,8,0.0006515863340563864,0.056640625,0.517578125,0.5,0.00032980081512042585,0.0007298321194317537,0.02,0.00025644491839690197,4.309414815338033e-05,0.3164801005836471,0.7293831775198314,64,512,lut16
eval_001,prefill__C3,16384,16,0.02,1,1,8,0.0005278076166150847,0.056640625,0.759765625,0.671875,0.00032980081512042585,0.0007298349217827677,0.02,0.00027940177790404823,4.6951921241346694e-05,0.23744181554714783,0.5339692701402476,64,512,lut16
eval_001,prefill__C3,16384,32,0.02,1,3,8,0.0005337116046213269,0.01953125,0.861328125,0.828125,0.00032980081512042585,0.0007298377924838064,0.02,0.0003029185608138078,5.0903786355848814e-05,0.1632132855577827,0.4293354206909894,64,512,lut16
eval_001,prefill__C3,16384,64,0.02,1,5,8,0.0004641226051892342,0.01953125,0.990234375,0.96875,0.00032980081512042585,0.0007298371573981599,0.02,0.000297715939197859,5.002951460928734e-05,0.11584168687811808,0.28536426075694477,64,512,lut16
eval_001,prefill__C3,16384,1,0.02,16,3,8,0.0018004309177426395,0.02734375,0.119140625,0.0625,0.00032980081512042585,0.0007298008151204259,0.02,4.336808689942018e-18,7.287766798637658e-19,0.8244562550011307,1.8391334509269932,64,512,lut16
eval_001,prefill__C3,16384,2,0.02,16,5,8,0.001330147080108674,0.01953125,0.169921875,0.09375,0.00032980081512042585,0.0007298008151204259,0.02,-6.938893903907228e-18,-1.1660426877820253e-18,0.6570800207784705,1.3474632247224807,64,512,lut16
eval_001,prefill__C3,16384,4,0.02,16,3,8,0.000912562635189708,0.02734375,0.3046875,0.203125,0.00032980081512042585,0.0007298008151204259,0.02,4.336808689942018e-18,7.287766798637658e-19,0.4587307920366536,0.9202736118575011,64,512,lut16
eval_001,prefill__C3,16384,8,0.02,16,1,8,0.0006515863340563864,0.056640625,0.498046875,0.46875,0.00032980081512042585,0.0007298008151204259,0.02,0.0,0.0,0.3384662534269365,0.7333856278092578,64,512,lut16
eval_001,prefill__C3,16384,16,0.02,16,1,8,0.0005278076166150847,0.056640625,0.765625,0.734375,0.00032980081512042585,0.0007298008151204259,0.02,0.0,0.0,0.2556635273044205,0.5647972553565106,64,512,lut16
eval_001,prefill__C3,16384,32,0.02,16,4,8,0.0005337116046213269,0.01953125,0.84765625,0.8125,0.00032980081512042585,0.0007298008151204259,0.02,1.734723475976807e-18,2.9151067194550633e-19,0.16311773816918898,0.40486105244004583,64,512,lut16
eval_001,prefill__C3,16384,64,0.02,16,4,8,0.0004641226051892342,0.01953125,0.990234375,0.96875,0.00032980081512042585,0.0007298008151204259,0.02,1.734723475976807e-18,2.9151067194550633e-19,0.1224629384018373,0.295397052241072,64,512,lut16
eval_001,prefill__C3,16384,1,0.02,256,4,8,0.0018004309177426395,0.02734375,0.126953125,0.09375,0.00032980081512042585,0.0007298008151204259,0.02,2.42861286636753e-17,4.0811494072370884e-18,0.7838317733726069,1.834130743411695,64,512,lut16
eval_001,prefill__C3,16384,2,0.02,256,2,8,0.001330147080108674,0.01953125,0.162109375,0.125,0.00032980081512042585,0.0007298008151204259,0.02,-2.6020852139652106e-18,-4.372660079182594e-19,0.644619965337553,1.22005852746759,64,512,lut16
eval_001,prefill__C3,16384,4,0.02,256,2,8,0.000912562635189708,0.02734375,0.296875,0.203125,0.00032980081512042585,0.0007298008151204259,0.02,-2.6020852139652106e-18,-4.372660079182594e-19,0.45530990359064993,0.9860982717273121,64,512,lut16
eval_001,prefill__C3,16384,8,0.02,256,2,8,0.0006515863340563864,0.056640625,0.53515625,0.4375,0.00032980081512042585,0.0007298008151204259,0.02,-2.6020852139652106e-18,-4.372660079182594e-19,0.3245638164376431,0.7478060277434225,64,512,lut16
eval_001,prefill__C3,16384,16,0.02,256,6,8,0.0005278076166150847,0.056640625,0.78125,0.734375,0.00032980081512042585,0.0007298008151204259,0.02,1.3877787807814457e-17,2.3320853755640507e-18,0.22300038417145934,0.555543805407405,64,512,lut16
eval_001,prefill__C3,16384,32,0.02,256,6,8,0.0005337116046213269,0.01953125,0.88671875,0.796875,0.00032980081512042585,0.0007298008151204259,0.02,1.3877787807814457e-17,2.3320853755640507e-18,0.1614253358967993,0.40369164019592385,64,512,lut16
eval_001,prefill__C3,16384,64,0.02,256,3,8,0.0004641226051892342,0.01953125,0.9921875,0.96875,0.00032980081512042585,0.0007298008151204259,0.02,3.469446951953614e-18,5.830213438910127e-19,0.12309579589864256,0.2993393954496005,64,512,lut16
eval_001,prefill__C3,16384,1,0.05,1,6,8,0.0018004309177426395,0.02734375,0.447265625,0.359375,0.00032980081512042585,0.002829900321364767,0.05,0.0008151551536378963,5.4792923452660436e-05,0.829931400175049,1.9472612851074482,64,512,lut16
eval_001,prefill__C3,16384,2,0.05,1,7,8,0.001330147080108674,0.01953125,0.63671875,0.546875,0.00032980081512042585,0.002829804346538371,0.05,2.892937580168836e-05,1.9445685484058082e-06,0.6526222170708045,1.3865172437314524,64,512,lut16
eval_001,prefill__C3,16384,4,0.05,1,7,8,0.000912562635189708,0.02734375,0.845703125,0.765625,0.00032980081512042585,0.002829804346538371,0.05,2.892937580168836e-05,1.9445685484058082e-06,0.44538294574285364,0.9673894694435223,64,512,lut16
eval_001,prefill__C3,16384,8,0.05,1,1,8,0.0006515863340563864,0.056640625,0.990234375,0.953125,0.00032980081512042585,0.0028298638680182425,0.05,0.0005165293389107905,3.471995779169725e-05,0.30301026077475357,0.7181479039386215,64,512,lut16
eval_001,prefill__C3,16384,16,0.05,1,5,8,0.0005278076166150847,0.056640625,1.0,1.0,0.00032980081512042585,0.0028298956507797437,0.05,0.0007768937211259858,5.2221074727349526e-05,0.2403764722926496,0.5339533436741141,64,512,lut16
eval_001,prefill__C3,16384,32,0.05,1,7,8,0.0005337116046213269,0.01953125,1.0,1.0,0.00032980081512042585,0.002829804346538371,0.05,2.892937580168836e-05,1.9445685484058082e-06,0.17278423620239441,0.3964478188569653,64,512,lut16
eval_001,prefill__C3,16384,64,0.05,1,7,8,0.0004641226051892342,0.01953125,1.0,1.0,0.00032980081512042585,0.002829804346538371,0.05,2.892937580168836e-05,1.9445685484058082e-06,0.12435317052141787,0.27834291413250967,64,512,lut16
eval_001,prefill__C3,16384,1,0.05,16,3,8,0.0018004309177426395,0.02734375,0.408203125,0.296875,0.00032980081512042585,0.0028298008151204264,0.05,0.0,0.0,0.8453984944151453,1.9852702280451378,64,512,lut16
eval_001,prefill__C3,16384,2,0.05,16,6,8,0.001330147080108674,0.01953125,0.634765625,0.453125,0.00032980081512042585,0.0028298008151204255,0.049999999999999996,6.938893903907228e-18,4.664170751128101e-19,0.6061380519160606,1.4151181300422433,64,512,lut16
eval_001,prefill__C3,16384,4,0.05,16,5,8,0.000912562635189708,0.02734375,0.86328125,0.78125,0.00032980081512042585,0.0028298008151204264,0.05,-2.7755575615628914e-17,-1.8656683004512403e-18,0.49272173037814504,0.9379976520767235,64,512,lut16
eval_001,prefill__C3,16384,8,0.05,16,2,8,0.0006515863340563864,0.056640625,0.98828125,0.96875,0.00032980081512042585,0.0028298008151204264,0.05,1.3877787807814457e-17,9.328341502256202e-19,0.31260559277053324,0.7401479288094825,64,512,lut16
eval_001,prefill__C3,16384,16,0.05,16,6,8,0.0005278076166150847,0.056640625,1.0,1.0,0.00032980081512042585,0.0028298008151204255,0.049999999999999996,6.938893903907228e-18,4.664170751128101e-19,0.24448516291715264,0.5562566729019305,64,512,lut16
eval_001,prefill__C3,16384,32,0.05,16,6,8,0.0005337116046213269,0.01953125,1.0,1.0,0.00032980081512042585,0.0028298008151204255,0.049999999999999996,6.938893903907228e-18,4.664170751128101e-19,0.17456296207016436,0.3977486514546117,64,512,lut16
eval_001,prefill__C3,16384,64,0.05,16,6,8,0.0004641226051892342,0.01953125,1.0,1.0,0.00032980081512042585,0.0028298008151204255,0.049999999999999996,6.938893903907228e-18,4.664170751128101e-19,0.12108163021473009,0.2888543752321444,64,512,lut16
eval_001,prefill__C3,16384,1,0.05,256,7,8,0.0018004309177426395,0.02734375,0.4609375,0.296875,0.00032980081512042585,0.002829800815120426,0.05,-1.3877787807814457e-17,-9.328341502256202e-19,0.8055139992511651,1.6557374418269648,64,512,lut16
eval_001,prefill__C3,16384,2,0.05,256,7,8,0.001330147080108674,0.01953125,0.626953125,0.53125,0.00032980081512042585,0.002829800815120426,0.05,-1.3877787807814457e-17,-9.328341502256202e-19,0.6234768103393935,1.3206025790796745,64,512,lut16
eval_001,prefill__C3,16384,4,0.05,256,0,8,0.000912562635189708,0.02734375,0.861328125,0.796875,0.00032980081512042585,0.0028298008151204255,0.049999999999999996,-4.163336342344337e-17,-2.7985024506768607e-18,0.46072265359696396,0.9764375894491717,64,512,lut16
eval_001,prefill__C3,16384,8,0.05,256,0,8,0.0006515863340563864,0.056640625,0.990234375,0.96875,0.00032980081512042585,0.0028298008151204255,0.049999999999999996,-4.163336342344337e-17,-2.7985024506768607e-18,0.3480479994216235,0.7481784988720336,64,512,lut16
eval_001,prefill__C3,16384,16,0.05,256,1,8,0.0005278076166150847,0.056640625,1.0,1.0,0.00032980081512042585,0.0028298008151204264,0.05,0.0,0.0,0.2527706030586978,0.559713831050982,64,512,lut16
eval_001,prefill__C3,16384,32,0.05,256,1,8,0.0005337116046213269,0.01953125,1.0,1.0,0.00032980081512042585,0.0028298008151204264,0.05,0.0,0.0,0.15144230354455512,0.3782681250941933,64,512,lut16
eval_001,prefill__C3,16384,64,0.05,256,1,8,0.0004641226051892342,0.01953125,1.0,1.0,0.00032980081512042585,0.0028298008151204264,0.05,0.0,0.0,0.12317164054744367,0.2842629714446201,64,512,lut16
eval_005,prefill__C1,15360,1,0.01,1,4,8,0.0002378352294877678,0.0,0.162109375,0.109375,1.409929102037751e-05,0.00011409929102037752,0.01,0.0,0.0,0.850120290516508,1.766372023586606,64,512,lut16
eval_005,prefill__C1,15360,2,0.01,1,1,8,0.00017098889857114285,0.0,0.25,0.1875,1.409929102037751e-05,0.00011409929102037752,0.01,0.0,0.0,0.621841917095961,1.4555477426937147,64,512,lut16
eval_005,prefill__C1,15360,4,0.01,1,7,8,0.00010531795613451021,0.0,0.505859375,0.328125,1.409929102037751e-05,0.00011409929102037752,0.01,0.0,0.0,0.4723814860579052,1.095377645364387,64,512,lut16
eval_005,prefill__C1,15360,8,0.01,1,7,8,8.138016426037555e-05,0.0,0.736328125,0.65625,1.409929102037751e-05,0.00011409929102037752,0.01,0.0,0.0,0.32408272286149986,0.7908070784699673,64,512,lut16
eval_005,prefill__C1,15360,16,0.01,1,6,8,6.733398826356121e-05,0.0,0.8984375,0.84375,1.409929102037751e-05,0.00011409929102037752,0.01,0.0,0.0,0.2233496194631806,0.5265372787254364,64,512,lut16
eval_005,prefill__C1,15360,32,0.01,1,5,8,5.549234311351519e-05,0.0,0.994140625,0.96875,1.409929102037751e-05,0.00011409929102037752,0.01,0.0,0.0,0.16952853945807955,0.41187222062298734,64,512,lut16
eval_005,prefill__C1,15360,64,0.01,1,4,8,5.289751791607789e-05,0.0,1.0,1.0,1.409929102037751e-05,0.00011409929102037752,0.01,0.0,0.0,0.1232365395552085,0.28151984462037327,64,512,lut16
eval_005,prefill__C1,15360,1,0.01,16,6,8,0.0002378352294877678,0.0,0.150390625,0.125,1.409929102037751e-05,0.0001140992910203775,0.009999999999999998,-9.486769009248164e-20,-1.6448582335909827e-19,0.8084699559655573,1.4929893695414473,64,512,lut16
eval_005,prefill__C1,15360,2,0.01,16,5,8,0.00017098889857114285,0.0,0.244140625,0.15625,1.409929102037751e-05,0.0001140992910203775,0.01,0.0,0.0,0.626490231286354,1.4472158300944649,64,512,lut16
eval_005,prefill__C1,15360,4,0.01,16,1,8,0.00010531795613451021,0.0,0.419921875,0.390625,1.409929102037751e-05,0.00011409929102037752,0.01,8.673617379884035e-19,1.5038703849974698e-18,0.4595444141974898,0.9419223435933478,64,512,lut16
eval_005,prefill__C1,15360,8,0.01,16,4,8,8.138016426037555e-05,0.0,0.666015625,0.59375,1.409929102037751e-05,0.00011409929102037752,0.01,-1.7889335846010823e-18,-3.1017326690572813e-18,0.336401038373387,0.8037849202876065,64,512,lut16
eval_005,prefill__C1,15360,16,0.01,16,1,8,6.733398826356121e-05,0.0,0.876953125,0.875,1.409929102037751e-05,0.00011409929102037752,0.01,8.673617379884035e-19,1.5038703849974698e-18,0.23427547273591343,0.5501490587872864,64,512,lut16
eval_005,prefill__C1,15360,32,0.01,16,4,8,5.549234311351519e-05,0.0,0.9921875,0.96875,1.409929102037751e-05,0.00011409929102037752,0.01,-1.7889335846010823e-18,-3.1017326690572813e-18,0.159553844658134,0.3959040025451809,64,512,lut16
eval_005,prefill__C1,15360,64,0.01,16,1,8,5.289751791607789e-05,0.0,1.0,1.0,1.409929102037751e-05,0.00011409929102037752,0.01,8.673617379884035e-19,1.5038703849974698e-18,0.12766524955155634,0.2960266976205351,64,512,lut16
eval_005,prefill__C1,15360,1,0.01,256,2,8,0.0002378352294877678,0.0,0.15234375,0.09375,1.409929102037751e-05,0.00011409929102037752,0.01,-2.168404344971009e-19,-3.7596759624936744e-19,0.8504767057080824,1.916079953114353,64,512,lut16
eval_005,prefill__C1,15360,2,0.01,256,2,8,0.00017098889857114285,0.0,0.232421875,0.171875,1.409929102037751e-05,0.00011409929102037752,0.01,-2.168404344971009e-19,-3.7596759624936744e-19,0.6530237917287034,1.3351934485539183,64,512,lut16
eval_005,prefill__C1,15360,4,0.01,256,5,8,0.00010531795613451021,0.0,0.44140625,0.34375,1.409929102037751e-05,0.00011409929102037752,0.01,-2.6020852139652106e-18,-4.511611154992409e-18,0.4155886544867349,0.9014445609758921,64,512,lut16
eval_005,prefill__C1,15360,8,0.01,256,2,8,8.138016426037555e-05,0.0,0.66796875,0.640625,1.409929102037751e-05,0.00011409929102037752,0.01,-2.168404344971009e-19,-3.7596759624936744e-19,0.336227193719966,0.7592130921766655,64,512,lut16
eval_005,prefill__C1,15360,16,0.01,256,6,8,6.733398826356121e-05,0.0,0.904296875,0.859375,1.409929102037751e-05,0.00011409929102037752,0.01,2.6020852139652106e-18,4.511611154992409e-18,0.24375599962814354,0.5579130861432018,64,512,lut16
eval_005,prefill__C1,15360,32,0.01,256,6,8,5.549234311351519e-05,0.0,0.994140625,0.953125,1.409929102037751e-05,0.00011409929102037752,0.01,2.6020852139652106e-18,4.511611154992409e-18,0.17188083887926137,0.39292888870508225,64,512,lut16
eval_005,prefill__C1,15360,64,0.01,256,2,8,5.289751791607789e-05,0.0,1.0,1.0,1.409929102037751e-05,0.00011409929102037752,0.01,-2.168404344971009e-19,-3.7596759624936744e-19,0.10962328145180514,0.2864321148320669,64,512,lut16
eval_005,prefill__C1,15360,1,0.02,1,0,8,0.0002378352294877678,0.0,0.458984375,0.328125,1.409929102037751e-05,0.0004140992910203775,0.02,0.0,0.0,0.8337311497198883,1.7914604828442402,64,512,lut16
eval_005,prefill__C1,15360,2,0.02,1,0,8,0.00017098889857114285,0.0,0.654296875,0.578125,1.409929102037751e-05,0.0004140992910203775,0.02,0.0,0.0,0.6697825557152148,1.367328676151396,64,512,lut16
eval_005,prefill__C1,15360,4,0.02,1,2,8,0.00010531795613451021,0.0,0.91796875,0.859375,1.409929102037751e-05,0.0004140992910203775,0.02,0.0,0.0,0.4533357736853565,1.0269716785423928,64,512,lut16
eval_005,prefill__C1,15360,8,0.02,1,3,8,8.138016426037555e-05,0.0,0.9921875,0.96875,1.409929102037751e-05,0.0004140992910203775,0.02,0.0,0.0,0.363806268208378,0.7232624762871442,64,512,lut16
eval_005,prefill__C1,15360,16,0.02,1,2,8,6.733398826356121e-05,0.0,1.0,1.0,1.409929102037751e-05,0.0004140992910203775,0.02,0.0,0.0,0.23216523712136283,0.5487418888079206,64,512,lut16
eval_005,prefill__C1,15360,32,0.02,1,2,8,5.549234311351519e-05,0.0,1.0,1.0,1.409929102037751e-05,0.0004140992910203775,0.02,0.0,0.0,0.1684505445645541,0.4155702654312519,64,512,lut16
eval_005,prefill__C1,15360,64,0.02,1,3,8,5.289751791607789e-05,0.0,1.0,1.0,1.409929102037751e-05,0.0004140992910203775,0.02,0.0,0.0,0.12866739870706637,0.30078946567639336,64,512,lut16
eval_005,prefill__C1,15360,1,0.02,16,6,8,0.0002378352294877678,0.0,0.435546875,0.3125,1.409929102037751e-05,0.0004140992910203775,0.02,-1.3552527156068805e-19,-1.1748987382792734e-19,0.8731718954850674,2.263551034136264,64,512,lut16
eval_005,prefill__C1,15360,2,0.02,16,7,8,0.00017098889857114285,0.0,0.66015625,0.640625,1.409929102037751e-05,0.0004140992910203775,0.02,0.0,0.0,0.6407323149928656,1.4719449808918468,64,512,lut16
eval_005,prefill__C1,15360,4,0.02,16,2,8,0.00010531795613451021,0.0,0.91796875,0.875,1.409929102037751e-05,0.0004140992910203775,0.02,2.168404344971009e-18,1.8798379812468374e-18,0.44834647770300606,0.8868105157894698,64,512,lut16
eval_005,prefill__C1,15360,8,0.02,16,2,8,8.138016426037555e-05,0.0,0.986328125,0.984375,1.409929102037751e-05,0.0004140992910203775,0.02,2.168404344971009e-18,1.8798379812468374e-18,0.30779010043852056,0.7351132378653397,64,512,lut16
eval_005,prefill__C1,15360,16,0.02,16,0,8,6.733398826356121e-05,0.0,1.0,1.0,1.409929102037751e-05,0.0004140992910203775,0.02,3.7947076036992655e-18,3.2897164671819653e-18,0.2510745489479447,0.5383508789910274,64,512,lut16
eval_005,prefill__C1,15360,32,0.02,16,7,8,5.549234311351519e-05,0.0,1.0,1.0,1.409929102037751e-05,0.0004140992910203775,0.02,0.0,0.0,0.17049479116232288,0.41564711248057895,64,512,lut16
eval_005,prefill__C1,15360,64,0.02,16,2,8,5.289751791607789e-05,0.0,1.0,1.0,1.409929102037751e-05,0.0004140992910203775,0.02,2.168404344971009e-18,1.8798379812468374e-18,0.11806731556905141,0.27768459177579957,64,512,lut16
eval_005,prefill__C1,15360,1,0.02,256,7,8,0.0002378352294877678,0.0,0.451171875,0.3125,1.409929102037751e-05,0.00041409929102037747,0.02,5.204170427930421e-18,4.511611154992409e-18,0.8019598515917163,1.5790489489477126,64,512,lut16
eval_005,prefill__C1,15360,2,0.02,256,7,8,0.00017098889857114285,0.0,0.658203125,0.609375,1.409929102037751e-05,0.00041409929102037747,0.02,5.204170427930421e-18,4.511611154992409e-18,0.6220474448966772,1.1551810586936697,64,512,lut16
eval_005,prefill__C1,15360,4,0.02,256,3,8,0.00010531795613451021,0.0,0.90625,0.859375,1.409929102037751e-05,0.0004140992910203774,0.019999999999999997,3.469446951953614e-18,3.0077407699949395e-18,0.4746618183715684,0.9417258460637061,64,512,lut16
eval_005,prefill__C1,15360,8,0.02,256,6,8,8.138016426037555e-05,0.0,1.0,0.96875,1.409929102037751e-05,0.0004140992910203775,0.02,1.734723475976807e-18,1.5038703849974698e-18,0.3290427741298414,0.7656671903711832,64,512,lut16
eval_005,prefill__C1,15360,16,0.02,256,0,8,6.733398826356121e-05,0.0,1.0,1.0,1.409929102037751e-05,0.0004140992910203775,0.02,-2.8189256484623115e-18,-2.4437893756208883e-18,0.24361729897349463,0.5745985796390006,64,512,lut16
eval_005,prefill__C1,15360,32,0.02,256,6,8,5.549234311351519e-05,0.0,1.0,1.0,1.409929102037751e-05,0.0004140992910203775,0.02,1.734723475976807e-18,1.5038703849974698e-18,0.15739729198277985,0.4019933053356785,64,512,lut16
eval_005,prefill__C1,15360,64,0.02,256,4,8,5.289751791607789e-05,0.0,1.0,1.0,1.409929102037751e-05,0.0004140992910203774,0.019999999999999997,2.6020852139652106e-18,2.2558055774962046e-18,0.11941295621989118,0.3050862051929404,64,512,lut16
eval_005,prefill__C1,15360,1,0.05,1,6,8,0.0002378352294877678,0.0,0.708984375,0.671875,1.409929102037751e-05,0.002514099291020378,0.05,0.0,0.0,0.8705836409398756,1.5808243093553156,64,512,lut16
eval_005,prefill__C1,15360,2,0.05,1,1,8,0.00017098889857114285,0.0,0.943359375,0.921875,1.409929102037751e-05,0.002514099291020378,0.05,0.0,0.0,0.6390187731065988,1.4161746982079382,64,512,lut16
eval_005,prefill__C1,15360,4,0.05,1,7,8,0.00010531795613451021,0.0,0.9921875,0.984375,1.409929102037751e-05,0.002514099291020378,0.05,0.0,0.0,0.45754163755823934,0.9546083694633196,64,512,lut16
eval_005,prefill__C1,15360,8,0.05,1,1,8,8.138016426037555e-05,0.0,1.0,1.0,1.409929102037751e-05,0.002514099291020378,0.05,0.0,0.0,0.33993582313021786,0.7329261293940279,64,512,lut16
eval_005,prefill__C1,15360,16,0.05,1,7,8,6.733398826356121e-05,0.0,1.0,1.0,1.409929102037751e-05,0.002514099291020378,0.05,0.0,0.0,0.23508108287598128,0.5567896277899245,64,512,lut16
eval_005,prefill__C1,15360,32,0.05,1,5,8,5.549234311351519e-05,0.0,1.0,1.0,1.409929102037751e-05,0.002514099291020378,0.05,0.0,0.0,0.17052792489054008,0.42588553820113934,64,512,lut16
eval_005,prefill__C1,15360,64,0.05,1,2,8,5.289751791607789e-05,0.0,1.0,1.0,1.409929102037751e-05,0.002514099291020378,0.05,0.0,0.0,0.12363441761604697,0.2799234616797728,64,512,lut16
eval_005,prefill__C1,15360,1,0.05,16,1,8,0.0002378352294877678,0.0,0.775390625,0.6875,1.409929102037751e-05,0.002514099291020378,0.05,-6.505213034913027e-19,-2.255805577496205e-19,0.8286860339296102,1.6185947937243037,64,512,lut16
eval_005,prefill__C1,15360,2,0.05,16,7,8,0.00017098889857114285,0.0,0.94921875,0.875,1.409929102037751e-05,0.002514099291020377,0.049999999999999996,-8.673617379884035e-19,-3.0077407699949394e-19,0.6331676827366981,1.4430656887202193,64,512,lut16
eval_005,prefill__C1,15360,4,0.05,16,1,8,0.00010531795613451021,0.0,0.99609375,0.96875,1.409929102037751e-05,0.002514099291020378,0.05,-6.505213034913027e-19,-2.255805577496205e-19,0.472444312962731,0.9460449242066639,64,512,lut16
eval_005,prefill__C1,15360,8,0.05,16,6,8,8.138016426037555e-05,0.0,1.0,1.0,1.409929102037751e-05,0.0025140992910203776,0.05,0.0,0.0,0.3212228305299799,0.740943657153319,64,512,lut16
eval_005,prefill__C1,15360,16,0.05,16,1,8,6.733398826356121e-05,0.0,1.0,1.0,1.409929102037751e-05,0.002514099291020378,0.05,-6.505213034913027e-19,-2.255805577496205e-19,0.2214490766642157,0.5300863511542544,64,512,lut16
eval_005,prefill__C1,15360,32,0.05,16,6,8,5.549234311351519e-05,0.0,1.0,1.0,1.409929102037751e-05,0.0025140992910203776,0.05,0.0,0.0,0.16107494517806215,0.40597126992399735,64,512,lut16
eval_005,prefill__C1,15360,64,0.05,16,1,8,5.289751791607789e-05,0.0,1.0,1.0,1.409929102037751e-05,0.002514099291020378,0.05,-6.505213034913027e-19,-2.255805577496205e-19,0.119431983547202,0.2720875552420175,64,512,lut16
eval_005,prefill__C1,15360,1,0.05,256,6,8,0.0002378352294877678,0.0,0.75,0.578125,1.409929102037751e-05,0.002514099291020378,0.05,5.204170427930421e-18,1.804644461996964e-18,0.8394742263684457,1.7462793432448764,64,512,lut16
eval_005,prefill__C1,15360,2,0.05,256,6,8,0.00017098889857114285,0.0,0.919921875,0.78125,1.409929102037751e-05,0.002514099291020378,0.05,5.204170427930421e-18,1.804644461996964e-18,0.64821021034422,1.2068056800418783,64,512,lut16
eval_005,prefill__C1,15360,4,0.05,256,5,8,0.00010531795613451021,0.0,0.99609375,0.984375,1.409929102037751e-05,0.0025140992910203776,0.05,9.540979117872439e-18,3.3085148469944337e-18,0.5007030707273641,0.9817807705321886,64,512,lut16
eval_005,prefill__C1,15360,8,0.05,256,7,8,8.138016426037555e-05,0.0,1.0,1.0,1.409929102037751e-05,0.002514099291020378,0.05,3.469446951953614e-18,1.2030963079979758e-18,0.34945907412149935,0.7331336725126899,64,512,lut16
eval_005,prefill__C1,15360,16,0.05,256,7,8,6.733398826356121e-05,0.0,1.0,1.0,1.409929102037751e-05,0.002514099291020378,0.05,3.469446951953614e-18,1.2030963079979758e-18,0.24984767906030592,0.5603585233972143,64,512,lut16
eval_005,prefill__C1,15360,32,0.05,256,7,8,5.549234311351519e-05,0.0,1.0,1.0,1.409929102037751e-05,0.002514099291020378,0.05,3.469446951953614e-18,1.2030963079979758e-18,0.16934686748257038,0.41027111542774547,64,512,lut16
eval_005,prefill__C1,15360,64,0.05,256,1,8,5.289751791607789e-05,0.0,1.0,1.0,1.409929102037751e-05,0.002514099291020378,0.05,-2.6020852139652106e-18,-9.02322230998482e-19,0.11731375547215969,0.2959580470590951,64,512,lut16
eval_005,prefill__C2,15360,1,0.01,1,7,8,0.00017722071032881537,0.0,0.201171875,0.125,1.4583912428828404e-05,0.00011458391242882841,0.01,0.0,0.0,0.7954751167990164,1.6543198807509547,64,512,lut16
eval_005,prefill__C2,15360,2,0.01,1,7,8,0.00012122056466839885,0.0,0.341796875,0.25,1.4583912428828404e-05,0.00011458391242882841,0.01,0.0,0.0,0.6077798390801732,1.17108296502392,64,512,lut16
eval_005,prefill__C2,15360,4,0.01,1,5,8,9.674607854302445e-05,0.0,0.494140625,0.40625,1.4583912428828404e-05,0.00011458391242882841,0.01,0.0,0.0,0.45437370433374163,1.0764583427886265,64,512,lut16
eval_005,prefill__C2,15360,8,0.01,1,7,8,8.117987601939123e-05,0.0,0.669921875,0.640625,1.4583912428828404e-05,0.00011458391242882841,0.01,0.0,0.0,0.3206919243169736,0.755567985887729,64,512,lut16
eval_005,prefill__C2,15360,16,0.01,1,5,8,6.521887388365209e-05,0.0,0.90234375,0.859375,1.4583912428828404e-05,0.00011458391242882841,0.01,0.0,0.0,0.248151719663665,0.5846054266572307,64,512,lut16
eval_005,prefill__C2,15360,32,0.01,1,3,8,5.805949671066439e-05,0.0,0.99609375,0.96875,1.4583912428828404e-05,0.00011458391242882841,0.01,0.0,0.0,0.15524121042130923,0.3927021214090462,64,512,lut16
eval_005,prefill__C2,15360,64,0.01,1,7,8,5.313227355056409e-05,0.0,0.998046875,1.0,1.4583912428828404e-05,0.00011458391242882841,0.01,0.0,0.0,0.11261313980620644,0.26952001432452904,64,512,lut16
eval_005,prefill__C2,15360,1,0.01,16,6,8,0.00017722071032881537,0.0,0.212890625,0.09375,1.4583912428828404e-05,0.00011458391242882841,0.01,-4.336808689942018e-19,-7.393362916842978e-19,0.8425881825931995,1.6225457141906052,64,512,lut16
eval_005,prefill__C2,15360,2,0.01,16,3,8,0.00012122056466839885,0.0,0.337890625,0.265625,1.4583912428828404e-05,0.00011458391242882844,0.010000000000000002,-1.1655173354219173e-18,-1.9869662839015503e-18,0.6002353448629683,1.0815923070572078,64,512,lut16
eval_005,prefill__C2,15360,4,0.01,16,0,8,9.674607854302445e-05,0.0,0.482421875,0.390625,1.4583912428828404e-05,0.00011458391242882841,0.01,0.0,0.0,0.45282722006720866,0.9743664953909987,64,512,lut16
eval_005,prefill__C2,15360,8,0.01,16,1,8,8.117987601939123e-05,0.0,0.6953125,0.609375,1.4583912428828404e-05,0.00011458391242882841,0.01,2.168404344971009e-19,3.696681458421489e-19,0.3358532375382711,0.7372857792207294,64,512,lut16
eval_005,prefill__C2,15360,16,0.01,16,0,8,6.521887388365209e-05,0.0,0.904296875,0.84375,1.4583912428828404e-05,0.00011458391242882841,0.01,0.0,0.0,0.24769965149537085,0.5677162504100736,64,512,lut16
eval_005,prefill__C2,15360,32,0.01,16,0,8,5.805949671066439e-05,0.0,0.982421875,0.96875,1.4583912428828404e-05,0.00011458391242882841,0.01,0.0,0.0,0.18147466559068043,0.4363023349155907,64,512,lut16
eval_005,prefill__C2,15360,64,0.01,16,4,8,5.313227355056409e-05,0.0,1.0,1.0,1.4583912428828404e-05,0.0001145839124288284,0.01,-1.4094628242311558e-18,-2.402842947973968e-18,0.11689954968905134,0.2912118884352702,64,512,lut16
eval_005,prefill__C2,15360,1,0.01,256,7,8,0.00017722071032881537,0.0,0.21875,0.15625,1.4583912428828404e-05,0.00011458391242882843,0.01,-1.1926223897340549e-18,-2.033174802131819e-18,0.8449550322068369,1.8420278042133633,64,512,lut16
eval_005,prefill__C2,15360,2,0.01,256,7,8,0.00012122056466839885,0.0,0.337890625,0.234375,1.4583912428828404e-05,0.00011458391242882843,0.01,-1.1926223897340549e-18,-2.033174802131819e-18,0.6491770185702954,1.4619704752684697,64,512,lut16
eval_005,prefill__C2,15360,4,0.01,256,1,8,9.674607854302445e-05,0.0,0.53125,0.390625,1.4583912428828404e-05,0.00011458391242882841,0.01,8.673617379884035e-19,1.4786725833685956e-18,0.4649295168066986,1.0203832445888479,64,512,lut16
eval_005,prefill__C2,15360,8,0.01,256,7,8,8.117987601939123e-05,0.0,0.6875,0.609375,1.4583912428828404e-05,0.00011458391242882843,0.01,-1.1926223897340549e-18,-2.033174802131819e-18,0.35741628421610905,0.8112190348625398,64,512,lut16
eval_005,prefill__C2,15360,16,0.01,256,4,8,6.521887388365209e-05,0.0,0.919921875,0.890625,1.4583912428828404e-05,0.00011458391242882841,0.01,2.168404344971009e-19,3.696681458421489e-19,0.2302436135142389,0.5231648147252246,64,512,lut16
eval_005,prefill__C2,15360,32,0.01,256,3,8,5.805949671066439e-05,0.0,0.994140625,0.953125,1.4583912428828404e-05,0.00011458391242882841,0.01,-1.3552527156068805e-18,-2.3104259115134307e-18,0.16184669726712408,0.3964226788616264,64,512,lut16
eval_005,prefill__C2,15360,64,0.01,256,0,8,5.313227355056409e-05,0.0,1.0,1.0,1.4583912428828404e-05,0.00011458391242882841,0.01,-4.336808689942018e-19,-7.393362916842978e-19,0.12343940499403877,0.29023017001296186,64,512,lut16
eval_005,prefill__C2,15360,1,0.02,1,5,8,0.00017722071032881537,0.0,0.515625,0.484375,1.4583912428828404e-05,0.0004145839124288284,0.02,0.0,0.0,0.8258621301011692,1.6077487948267857,64,512,lut16
eval_005,prefill__C2,15360,2,0.02,1,0,8,0.00012122056466839885,0.0,0.76953125,0.71875,1.4583912428828404e-05,0.0004145839124288284,0.02,0.0,0.0,0.6119523955500124,1.462925508662432,64,512,lut16
eval_005,prefill__C2,15360,4,0.02,1,2,8,9.674607854302445e-05,0.0,0.90625,0.859375,1.4583912428828404e-05,0.0004145839124288284,0.02,0.0,0.0,0.4554098687241049,0.947008169912984,64,512,lut16
eval_005,prefill__C2,15360,8,0.02,1,7,8,8.117987601939123e-05,0.0,0.9921875,0.984375,1.4583912428828404e-05,0.0004145839124288284,0.02,0.0,0.0,0.350641495939325,0.750473400321653,64,512,lut16
eval_005,prefill__C2,15360,16,0.02,1,5,8,6.521887388365209e-05,0.0,1.0,1.0,1.4583912428828404e-05,0.0004145839124288284,0.02,0.0,0.0,0.221307105704597,0.5448563513562183,64,512,lut16
eval_005,prefill__C2,15360,32,0.02,1,2,8,5.805949671066439e-05,0.0,1.0,1.0,1.4583912428828404e-05,0.0004145839124288284,0.02,0.0,0.0,0.17172077235038535,0.4317480374260603,64,512,lut16
eval_005,prefill__C2,15360,64,0.02,1,2,8,5.313227355056409e-05,0.0,1.0,1.0,1.4583912428828404e-05,0.0004145839124288284,0.02,0.0,0.0,0.13201601675924896,0.29614829973826795,64,512,lut16
eval_005,prefill__C2,15360,1,0.02,16,6,8,0.00017722071032881537,0.0,0.505859375,0.40625,1.4583912428828404e-05,0.0004145839124288284,0.02,-3.7947076036992655e-19,-3.234596276118803e-19,0.8292842220292234,1.6994450705493693,64,512,lut16
eval_005,prefill__C2,15360,2,0.02,16,4,8,0.00012122056466839885,0.0,0.744140625,0.6875,1.4583912428828404e-05,0.0004145839124288284,0.02,-4.336808689942018e-19,-3.696681458421489e-19,0.6252161435822134,1.0752733586081291,64,512,lut16
eval_005,prefill__C2,15360,4,0.02,16,4,8,9.674607854302445e-05,0.0,0.921875,0.875,1.4583912428828404e-05,0.0004145839124288284,0.02,-4.336808689942018e-19,-3.696681458421489e-19,0.43508401391192314,0.9197878522312666,64,512,lut16
eval_005,prefill__C2,15360,8,0.02,16,4,8,8.117987601939123e-05,0.0,0.99609375,0.96875,1.4583912428828404e-05,0.0004145839124288284,0.02,-4.336808689942018e-19,-3.696681458421489e-19,0.30529252321580863,0.7607038029189205,64,512,lut16
eval_005,prefill__C2,15360,16,0.02,16,2,8,6.521887388365209e-05,0.0,1.0,1.0,1.4583912428828404e-05,0.0004145839124288284,0.02,-1.0842021724855044e-18,-9.241703646053723e-19,0.23630573614516698,0.6052780776523533,64,512,lut16
eval_005,prefill__C2,15360,32,0.02,16,2,8,5.805949671066439e-05,0.0,1.0,1.0,1.4583912428828404e-05,0.0004145839124288284,0.02,-1.0842021724855044e-18,-9.241703646053723e-19,0.18216475186087733,0.41905404987334116,64,512,lut16
eval_005,prefill__C2,15360,64,0.02,16,2,8,5.313227355056409e-05,0.0,1.0,1.0,1.4583912428828404e-05,0.0004145839124288284,0.02,-1.0842021724855044e-18,-9.241703646053723e-19,0.13257969087170535,0.2919636212844194,64,512,lut16
eval_005,prefill__C2,15360,1,0.02,256,3,8,0.00017722071032881537,0.0,0.54296875,0.46875,1.4583912428828404e-05,0.0004145839124288284,0.02,1.734723475976807e-18,1.4786725833685956e-18,0.8244806881172463,1.9576054053645695,64,512,lut16
eval_005,prefill__C2,15360,2,0.02,256,4,8,0.00012122056466839885,0.0,0.744140625,0.6875,1.4583912428828404e-05,0.0004145839124288283,0.019999999999999997,4.336808689942018e-19,3.696681458421489e-19,0.6553844960224535,1.5323620720796092,64,512,lut16
eval_005,prefill__C2,15360,4,0.02,256,5,8,9.674607854302445e-05,0.0,0.904296875,0.90625,1.4583912428828404e-05,0.00041458391242882845,0.02,2.3852447794681098e-18,2.033174802131819e-18,0.40613801443124314,0.935812871088911,64,512,lut16
eval_005,prefill__C2,15360,8,0.02,256,7,8,8.117987601939123e-05,0.0,0.9921875,0.984375,1.4583912428828404e-05,0.0004145839124288284,0.02,-2.6020852139652106e-18,-2.2180088750528935e-18,0.3216600790934331,0.7303912837561395,64,512,lut16
eval_005,prefill__C2,15360,16,0.02,256,7,8,6.521887388365209e-05,0.0,1.0,1.0,1.4583912428828404e-05,0.0004145839124288284,0.02,-2.6020852139652106e-18,-2.2180088750528935e-18,0.2274143166883952,0.5962627524699409,64,512,lut16
eval_005,prefill__C2,15360,32,0.02,256,6,8,5.805949671066439e-05,0.0,1.0,1.0,1.4583912428828404e-05,0.0004145839124288285,0.020000000000000004,1.3010426069826053e-18,1.1090044375264468e-18,0.16773558979131023,0.3891420407570383,64,512,lut16
eval_005,prefill__C2,15360,64,0.02,256,1,8,5.313227355056409e-05,0.0,1.0,1.0,1.4583912428828404e-05,0.00041458391242882845,0.02,1.734723475976807e-18,1.4786725833685956e-18,0.11159677431795695,0.2938672807518439,64,512,lut16
eval_005,prefill__C2,15360,1,0.05,1,0,8,0.00017722071032881537,0.0,0.779296875,0.71875,1.4583912428828404e-05,0.002514583912428829,0.05,0.0,0.0,0.8530681366607734,1.8186720937870233,64,512,lut16
eval_005,prefill__C2,15360,2,0.05,1,0,8,0.00012122056466839885,0.0,0.955078125,0.890625,1.4583912428828404e-05,0.002514583912428829,0.05,0.0,0.0,0.650325207766284,1.454655829956059,64,512,lut16
eval_005,prefill__C2,15360,4,0.05,1,0,8,9.674607854302445e-05,0.0,1.0,0.984375,1.4583912428828404e-05,0.002514583912428829,0.05,0.0,0.0,0.43984262034599775,0.9089140407496816,64,512,lut16
eval_005,prefill__C2,15360,8,0.05,1,2,8,8.117987601939123e-05,0.0,1.0,1.0,1.4583912428828404e-05,0.002514583912428829,0.05,0.0,0.0,0.33129130541993435,0.7693491748623479,64,512,lut16
eval_005,prefill__C2,15360,16,0.05,1,2,8,6.521887388365209e-05,0.0,1.0,1.0,1.4583912428828404e-05,0.002514583912428829,0.05,0.0,0.0,0.24745857259967913,0.5615323791893702,64,512,lut16
eval_005,prefill__C2,15360,32,0.05,1,1,8,5.805949671066439e-05,0.0,1.0,1.0,1.4583912428828404e-05,0.002514583912428829,0.05,0.0,0.0,0.1881329915965556,0.4189530820947123,64,512,lut16
eval_005,prefill__C2,15360,64,0.05,1,2,8,5.313227355056409e-05,0.0,1.0,1.0,1.4583912428828404e-05,0.002514583912428829,0.05,0.0,0.0,0.11877568221081305,0.29844434461224933,64,512,lut16
eval_005,prefill__C2,15360,1,0.05,16,7,8,0.00017722071032881537,0.0,0.7578125,0.671875,1.4583912428828404e-05,0.002514583912428829,0.05,-8.673617379884035e-19,-2.9573451667371914e-19,0.8370583575297799,1.7499680582323927,64,512,lut16
eval_005,prefill__C2,15360,2,0.05,16,1,8,0.00012122056466839885,0.0,0.951171875,0.921875,1.4583912428828404e-05,0.0025145839124288286,0.05,2.168404344971009e-19,7.393362916842979e-20,0.6555587402645318,1.4959929741784646,64,512,lut16
eval_005,prefill__C2,15360,4,0.05,16,4,8,9.674607854302445e-05,0.0,0.994140625,0.984375,1.4583912428828404e-05,0.002514583912428829,0.05,-2.8189256484623115e-18,-9.611371791895871e-19,0.4813660553671565,1.1378282262674602,64,512,lut16
eval_005,prefill__C2,15360,8,0.05,16,1,8,8.117987601939123e-05,0.0,1.0,1.0,1.4583912428828404e-05,0.0025145839124288286,0.05,2.168404344971009e-19,7.393362916842979e-20,0.36490233948427153,0.8270408349354886,64,512,lut16
eval_005,prefill__C2,15360,16,0.05,16,0,8,6.521887388365209e-05,0.0,1.0,1.0,1.4583912428828404e-05,0.002514583912428828,0.049999999999999996,-1.3010426069826053e-18,-4.436017750105787e-19,0.2408167652237485,0.551440648775358,64,512,lut16
eval_005,prefill__C2,15360,32,0.05,16,4,8,5.805949671066439e-05,0.0,1.0,1.0,1.4583912428828404e-05,0.002514583912428829,0.05,-2.8189256484623115e-18,-9.611371791895871e-19,0.16666013941983596,0.4217481695657175,64,512,lut16
eval_005,prefill__C2,15360,64,0.05,16,4,8,5.313227355056409e-05,0.0,1.0,1.0,1.4583912428828404e-05,0.002514583912428829,0.05,-2.8189256484623115e-18,-9.611371791895871e-19,0.12763538863825735,0.2820078709342419,64,512,lut16
eval_005,prefill__C2,15360,1,0.05,256,7,8,0.00017722071032881537,0.0,0.80078125,0.640625,1.4583912428828404e-05,0.002514583912428829,0.05,8.673617379884035e-18,2.9573451667371912e-18,0.7863989455960264,1.775819492392287,64,512,lut16
eval_005,prefill__C2,15360,2,0.05,256,4,8,0.00012122056466839885,0.0,0.9375,0.9375,1.4583912428828404e-05,0.002514583912428829,0.05,-1.214306433183765e-17,-4.140283233432068e-18,0.6667571799792983,1.4321313519688144,64,512,lut16
eval_005,prefill__C2,15360,4,0.05,256,4,8,9.674607854302445e-05,0.0,0.998046875,0.984375,1.4583912428828404e-05,0.002514583912428829,0.05,-1.214306433183765e-17,-4.140283233432068e-18,0.46368199401594135,1.0178882645440257,64,512,lut16
eval_005,prefill__C2,15360,8,0.05,256,7,8,8.117987601939123e-05,0.0,1.0,1.0,1.4583912428828404e-05,0.002514583912428829,0.05,8.673617379884035e-18,2.9573451667371912e-18,0.3249136983298664,0.7556454172975566,64,512,lut16
eval_005,prefill__C2,15360,16,0.05,256,7,8,6.521887388365209e-05,0.0,1.0,1.0,1.4583912428828404e-05,0.002514583912428829,0.05,8.673617379884035e-18,2.9573451667371912e-18,0.2330614950845538,0.524646529848404,64,512,lut16
eval_005,prefill__C2,15360,32,0.05,256,7,8,5.805949671066439e-05,0.0,1.0,1.0,1.4583912428828404e-05,0.002514583912428829,0.05,8.673617379884035e-18,2.9573451667371912e-18,0.15735002906819262,0.3903128471047387,64,512,lut16
eval_005,prefill__C2,15360,64,0.05,256,7,8,5.313227355056409e-05,0.0,1.0,1.0,1.4583912428828404e-05,0.002514583912428829,0.05,8.673617379884035e-18,2.9573451667371912e-18,0.11789017780992544,0.2771206887251651,64,512,lut16
eval_005,prefill__C3,15360,1,0.01,1,6,8,0.0018004309177426395,0.068359375,0.076171875,0.078125,0.0004963097061981468,0.0005963105983494677,0.01,6.851722144090216e-06,2.002313810440093e-06,0.8162112394713916,1.5077841013337439,64,512,lut16
eval_005,prefill__C3,15360,2,0.01,1,6,8,0.001330147080108674,0.07421875,0.09375,0.09375,0.0004963097061981468,0.0005963105983494677,0.01,6.851722144090216e-06,2.002313810440093e-06,0.6197928636238854,1.1629860375539371,64,512,lut16
eval_005,prefill__C3,15360,4,0.01,1,3,8,0.000912562635189708,0.095703125,0.205078125,0.15625,0.0004963097061981468,0.0005963111680364557,0.01,1.1226918212003245e-05,3.2808997375885867e-06,0.47521377085658517,0.9305284149390661,64,512,lut16
eval_005,prefill__C3,15360,8,0.01,1,3,8,0.0006515863340563864,0.19140625,0.314453125,0.3125,0.0004963097061981468,0.0005963111680364557,0.01,1.1226918212003245e-05,3.2808997375885867e-06,0.33577653837411825,0.6904319111052075,64,512,lut16
eval_005,prefill__C3,15360,16,0.01,1,3,8,0.0005278076166150847,0.373046875,0.57421875,0.578125,0.0004963097061981468,0.0005963111680364557,0.01,1.1226918212003245e-05,3.2808997375885867e-06,0.24043772515659007,0.5543844456092604,64,512,lut16
eval_005,prefill__C3,15360,32,0.01,1,7,8,0.0005337116046213269,0.31640625,0.626953125,0.671875,0.0004963097061981468,0.0005963230732713645,0.01,0.00010265912231178626,3.000060044026237e-05,0.16394744821216745,0.4054476667765857,64,512,lut16
eval_005,prefill__C3,15360,64,0.01,1,7,8,0.0004641226051892342,0.62109375,0.900390625,0.859375,0.0004963097061981468,0.0005963230732713645,0.01,0.00010265912231178626,3.000060044026237e-05,0.10631696548504814,0.27049568428201015,64,512,lut16
eval_005,prefill__C3,15360,1,0.01,16,3,8,0.0018004309177426395,0.068359375,0.10546875,0.03125,0.0004963097061981468,0.0005963097061981469,0.01,8.673617379884035e-18,2.5347355746459686e-18,0.8639925779724036,2.0483331724812732,64,512,lut16
eval_005,prefill__C3,15360,2,0.01,16,6,8,0.001330147080108674,0.07421875,0.12109375,0.078125,0.0004963097061981468,0.0005963097061981469,0.01,-1.734723475976807e-18,-5.069471149291938e-19,0.5931517202287194,1.4920386805961303,64,512,lut16
eval_005,prefill__C3,15360,4,0.01,16,4,8,0.000912562635189708,0.095703125,0.166015625,0.0625,0.0004963097061981468,0.0005963097061981469,0.01,-6.938893903907228e-18,-2.027788459716775e-18,0.438379466225165,0.9077356287654406,64,512,lut16
eval_005,prefill__C3,15360,8,0.01,16,6,8,0.0006515863340563864,0.19140625,0.34375,0.28125,0.0004963097061981468,0.0005963097061981469,0.01,-1.734723475976807e-18,-5.069471149291938e-19,0.3149917564586117,0.7075682194841584,64,512,lut16
eval_005,prefill__C3,15360,16,0.01,16,6,8,0.0005278076166150847,0.373046875,0.5546875,0.578125,0.0004963097061981468,0.0005963097061981469,0.01,-1.734723475976807e-18,-5.069471149291938e-19,0.23952156666020408,0.5295434099617232,64,512,lut16
eval_005,prefill__C3,15360,32,0.01,16,4,8,0.0005337116046213269,0.31640625,0.59765625,0.625,0.0004963097061981468,0.0005963097061981469,0.01,-6.938893903907228e-18,-2.027788459716775e-18,0.16506604192173852,0.3799488084869627,64,512,lut16
eval_005,prefill__C3,15360,64,0.01,16,6,8,0.0004641226051892342,0.62109375,0.8984375,0.890625,0.0004963097061981468,0.0005963097061981469,0.01,-1.734723475976807e-18,-5.069471149291938e-19,0.11906226116791718,0.2838913189078765,64,512,lut16
eval_005,prefill__C3,15360,1,0.01,256,5,8,0.0018004309177426395,0.068359375,0.095703125,0.03125,0.0004963097061981468,0.0005963097061981468,0.01,3.469446951953614e-18,1.0138942298583875e-18,0.8129427480558706,1.8647902219912866,64,512,lut16
eval_005,prefill__C3,15360,2,0.01,256,5,8,0.001330147080108674,0.07421875,0.09765625,0.046875,0.0004963097061981468,0.0005963097061981468,0.01,3.469446951953614e-18,1.0138942298583875e-18,0.611869154267985,1.1982159746956045,64,512,lut16
eval_005,prefill__C3,15360,4,0.01,256,5,8,0.000912562635189708,0.095703125,0.189453125,0.140625,0.0004963097061981468,0.0005963097061981468,0.01,3.469446951953614e-18,1.0138942298583875e-18,0.4245240743573555,0.9825433712591469,64,512,lut16
eval_005,prefill__C3,15360,8,0.01,256,5,8,0.0006515863340563864,0.19140625,0.34375,0.3125,0.0004963097061981468,0.0005963097061981468,0.01,3.469446951953614e-18,1.0138942298583875e-18,0.33473129793318024,0.7339757179098482,64,512,lut16
eval_005,prefill__C3,15360,16,0.01,256,4,8,0.0005278076166150847,0.373046875,0.583984375,0.453125,0.0004963097061981468,0.0005963097061981469,0.01,-3.469446951953614e-18,-1.0138942298583875e-18,0.2401631362299819,0.5479918023713005,64,512,lut16
eval_005,prefill__C3,15360,32,0.01,256,7,8,0.0005337116046213269,0.31640625,0.640625,0.515625,0.0004963097061981468,0.0005963097061981469,0.01,-3.469446951953614e-18,-1.0138942298583875e-18,0.16259077150445594,0.39566482045254414,64,512,lut16
eval_005,prefill__C3,15360,64,0.01,256,1,8,0.0004641226051892342,0.62109375,0.892578125,0.828125,0.0004963097061981468,0.0005963097061981468,0.009999999999999998,4.336808689942018e-18,1.2673677873229843e-18,0.11972147800200786,0.29593342000333933,64,512,lut16
eval_005,prefill__C3,15360,1,0.02,1,5,8,0.0018004309177426395,0.068359375,0.169921875,0.109375,0.0004963097061981468,0.0008963386583061543,0.02,0.00022235218949695677,3.24895588618813e-05,0.8329482424560364,1.6385877174583245,64,512,lut16
eval_005,prefill__C3,15360,2,0.02,1,7,8,0.001330147080108674,0.07421875,0.251953125,0.171875,0.0004963097061981468,0.0008963268568528698,0.02,0.00013171702827226525,1.924617046877524e-05,0.6367955205036488,1.364430911816377,64,512,lut16
eval_005,prefill__C3,15360,4,0.02,1,2,8,0.000912562635189708,0.095703125,0.421875,0.34375,0.0004963097061981468,0.0008963121495141032,0.02,1.876466654501151e-05,2.7418472452058776e-06,0.44256653731112927,0.9295022117415416,64,512,lut16
eval_005,prefill__C3,15360,8,0.02,1,3,8,0.0006515863340563864,0.19140625,0.615234375,0.640625,0.0004963097061981468,0.0008963126535962787,0.02,2.2636017652598836e-05,3.3075196137556343e-06,0.3286471355866766,0.7100411839413201,64,512,lut16
eval_005,prefill__C3,15360,16,0.02,1,7,8,0.0005278076166150847,0.373046875,0.8671875,0.875,0.0004963097061981468,0.0008963268568528698,0.02,0.00013171702827226525,1.924617046877524e-05,0.2341694998529307,0.5452441199464012,64,512,lut16
eval_005,prefill__C3,15360,32,0.02,1,6,8,0.0005337116046213269,0.31640625,0.966796875,0.90625,0.0004963097061981468,0.0008963469252538319,0.02,0.0002858423476613889,4.1766585706097303e-05,0.17667880363686536,0.3978052759243381,64,512,lut16
eval_005,prefill__C3,15360,64,0.02,1,7,8,0.0004641226051892342,0.62109375,1.0,1.0,0.0004963097061981468,0.0008963268568528698,0.02,0.00013171702827226525,1.924617046877524e-05,0.12968551685344343,0.28536870923645985,64,512,lut16
eval_005,prefill__C3,15360,1,0.02,16,0,8,0.0018004309177426395,0.068359375,0.16796875,0.0625,0.0004963097061981468,0.0008963097061981469,0.02,0.0,0.0,0.8456485717012904,1.7201865807971348,64,512,lut16
eval_005,prefill__C3,15360,2,0.02,16,0,8,0.001330147080108674,0.07421875,0.216796875,0.1875,0.0004963097061981468,0.0008963097061981469,0.02,0.0,0.0,0.6477108001247659,1.4458541580067183,64,512,lut16
eval_005,prefill__C3,15360,4,0.02,16,4,8,0.000912562635189708,0.095703125,0.40625,0.328125,0.0004963097061981468,0.0008963097061981469,0.02,-6.938893903907228e-18,-1.0138942298583875e-18,0.4659078859305975,1.0167709170968822,64,512,lut16
eval_005,prefill__C3,15360,8,0.02,16,0,8,0.0006515863340563864,0.19140625,0.640625,0.609375,0.0004963097061981468,0.0008963097061981469,0.02,0.0,0.0,0.33121679806352455,0.7356503057804291,64,512,lut16
eval_005,prefill__C3,15360,16,0.02,16,6,8,0.0005278076166150847,0.373046875,0.90234375,0.859375,0.0004963097061981468,0.0008963097061981469,0.02,-5.204170427930421e-18,-7.6042067239379055e-19,0.2426802798321573,0.5498979575040296,64,512,lut16
eval_005,prefill__C3,15360,32,0.02,16,4,8,0.0005337116046213269,0.31640625,0.955078125,0.921875,0.0004963097061981468,0.0008963097061981469,0.02,-6.938893903907228e-18,-1.0138942298583875e-18,0.16606706045648104,0.4038399475998182,64,512,lut16
eval_005,prefill__C3,15360,64,0.02,16,7,8,0.0004641226051892342,0.62109375,1.0,1.0,0.0004963097061981468,0.0008963097061981469,0.02,3.469446951953614e-18,5.069471149291938e-19,0.12634547111102562,0.27972663811382265,64,512,lut16
eval_005,prefill__C3,15360,1,0.02,256,0,8,0.0018004309177426395,0.068359375,0.140625,0.09375,0.0004963097061981468,0.0008963097061981469,0.02,-3.469446951953614e-18,-5.069471149291938e-19,0.8476612914843296,1.424491019324552,64,512,lut16
eval_005,prefill__C3,15360,2,0.02,256,5,8,0.001330147080108674,0.07421875,0.234375,0.140625,0.0004963097061981468,0.0008963097061981468,0.02,-6.938893903907228e-18,-1.0138942298583875e-18,0.6366720796461927,1.2793426953974725,64,512,lut16
eval_005,prefill__C3,15360,4,0.02,256,0,8,0.000912562635189708,0.095703125,0.396484375,0.328125,0.0004963097061981468,0.0008963097061981469,0.02,-3.469446951953614e-18,-5.069471149291938e-19,0.5232750443077443,0.9570668981687303,64,512,lut16
eval_005,prefill__C3,15360,8,0.02,256,0,8,0.0006515863340563864,0.19140625,0.66015625,0.609375,0.0004963097061981468,0.0008963097061981469,0.02,-3.469446951953614e-18,-5.069471149291938e-19,0.3367635060471881,0.7745524735166337,64,512,lut16
eval_005,prefill__C3,15360,16,0.02,256,0,8,0.0005278076166150847,0.373046875,0.90625,0.875,0.0004963097061981468,0.0008963097061981469,0.02,-3.469446951953614e-18,-5.069471149291938e-19,0.2200477771683597,0.5163805084288215,64,512,lut16
eval_005,prefill__C3,15360,32,0.02,256,1,8,0.0005337116046213269,0.31640625,0.978515625,0.90625,0.0004963097061981468,0.0008963097061981468,0.02,-5.204170427930421e-18,-7.6042067239379055e-19,0.16477106089679944,0.3753838781834076,64,512,lut16
eval_005,prefill__C3,15360,64,0.02,256,6,8,0.0004641226051892342,0.62109375,1.0,1.0,0.0004963097061981468,0.0008963097061981467,0.019999999999999997,6.938893903907228e-18,1.0138942298583875e-18,0.1309618694216586,0.284134864191688,64,512,lut16
eval_005,prefill__C3,15360,1,0.05,1,7,8,0.0018004309177426395,0.068359375,0.44140625,0.28125,0.0004963097061981468,0.0029964027538373597,0.05,0.0007146058691534723,4.1766585706097303e-05,0.8564393432758775,1.6659122631620273,64,512,lut16
eval_005,prefill__C3,15360,2,0.05,1,0,8,0.001330147080108674,0.07421875,0.650390625,0.53125,0.0004963097061981468,0.0029963226937271387,0.05,9.974422265430875e-05,5.829752880583371e-06,0.645498397935951,1.356473323898341,64,512,lut16
eval_005,prefill__C3,15360,4,0.05,1,1,8,0.000912562635189708,0.095703125,0.890625,0.828125,0.0004963097061981468,0.002996363939509849,0.05,0.00041651183386924817,2.4343876754764808e-05,0.47584966245145977,0.9401170377067614,64,512,lut16
eval_005,prefill__C3,15360,8,0.05,1,6,8,0.0006515863340563864,0.19140625,0.9921875,0.953125,0.0004963097061981468,0.0029963107440143908,0.05,7.970428750915083e-06,4.6584783292332873e-07,0.3124876829458393,0.7515013358355487,64,512,lut16
eval_005,prefill__C3,15360,16,0.05,1,4,8,0.0005278076166150847,0.373046875,1.0,1.0,0.0004963097061981468,0.0029964027241854672,0.05,0.0007143781426177319,4.1753275768013776e-05,0.23864027634653356,0.5447101744312833,64,512,lut16
eval_005,prefill__C3,15360,32,0.05,1,3,8,0.0005337116046213269,0.31640625,1.0,1.0,0.0004963097061981468,0.0029963814415394996,0.05,0.0005509274215900376,3.220006770856466e-05,0.17039828701460633,0.40286135226617487,64,512,lut16
eval_005,prefill__C3,15360,64,0.05,1,0,8,0.0004641226051892342,0.62109375,1.0,1.0,0.0004963097061981468,0.0029963226937271387,0.05,9.974422265430875e-05,5.829752880583371e-06,0.12132456794121231,0.2810207285065843,64,512,lut16
eval_005,prefill__C3,15360,1,0.05,16,1,8,0.0018004309177426395,0.068359375,0.423828125,0.34375,0.0004963097061981468,0.0029963097061981472,0.05,6.938893903907228e-18,4.05557691943355e-19,0.8833897934124724,1.9165058628665752,64,512,lut16
eval_005,prefill__C3,15360,2,0.05,16,2,8,0.001330147080108674,0.07421875,0.640625,0.53125,0.0004963097061981468,0.002996309706198147,0.05,2.7755575615628914e-17,1.62223076777342e-18,0.6135812996277221,1.1125013267774315,64,512,lut16
eval_005,prefill__C3,15360,4,0.05,16,0,8,0.000912562635189708,0.095703125,0.87890625,0.828125,0.0004963097061981468,0.002996309706198147,0.05,-4.163336342344337e-17,-2.4333461516601298e-18,0.49076801399534387,0.9313381715786112,64,512,lut16
eval_005,prefill__C3,15360,8,0.05,16,0,8,0.0006515863340563864,0.19140625,0.990234375,0.984375,0.0004963097061981468,0.002996309706198147,0.05,-4.163336342344337e-17,-2.4333461516601298e-18,0.3375462501200543,0.7039985864808862,64,512,lut16
eval_005,prefill__C3,15360,16,0.05,16,7,8,0.0005278076166150847,0.373046875,1.0,1.0,0.0004963097061981468,0.0029963097061981477,0.05000000000000001,2.0816681711721685e-17,1.2166730758300649e-18,0.24777018174113877,0.5773224499334705,64,512,lut16
eval_005,prefill__C3,15360,32,0.05,16,5,8,0.0005337116046213269,0.31640625,1.0,1.0,0.0004963097061981468,0.0029963097061981472,0.05,0.0,0.0,0.16208226992631558,0.3919173728625847,64,512,lut16
eval_005,prefill__C3,15360,64,0.05,16,4,8,0.0004641226051892342,0.62109375,1.0,1.0,0.0004963097061981468,0.0029963097061981472,0.05,3.469446951953614e-18,2.027788459716775e-19,0.11995152479787323,0.28386675493846514,64,512,lut16
eval_005,prefill__C3,15360,1,0.05,256,6,8,0.0018004309177426395,0.068359375,0.4296875,0.328125,0.0004963097061981468,0.002996309706198147,0.05,-2.7755575615628914e-17,-1.62223076777342e-18,0.8552954788538392,1.9071884174005027,64,512,lut16
eval_005,prefill__C3,15360,2,0.05,256,6,8,0.001330147080108674,0.07421875,0.646484375,0.5625,0.0004963097061981468,0.002996309706198147,0.05,-2.7755575615628914e-17,-1.62223076777342e-18,0.6334519614021434,1.2880343256537288,64,512,lut16
eval_005,prefill__C3,15360,4,0.05,256,4,8,0.000912562635189708,0.095703125,0.875,0.78125,0.0004963097061981468,0.0029963097061981472,0.05,-5.551115123125783e-17,-3.24446153554684e-18,0.4550051814276708,0.9882872662173261,64,512,lut16
eval_005,prefill__C3,15360,8,0.05,256,4,8,0.0006515863340563864,0.19140625,0.990234375,0.953125,0.0004963097061981468,0.0029963097061981472,0.05,-5.551115123125783e-17,-3.24446153554684e-18,0.3317743035113949,0.7535881190159404,64,512,lut16
eval_005,prefill__C3,15360,16,0.05,256,6,8,0.0005278076166150847,0.373046875,0.998046875,1.0,0.0004963097061981468,0.002996309706198147,0.05,-2.7755575615628914e-17,-1.62223076777342e-18,0.2393608571957334,0.5563643550886281,64,512,lut16
eval_005,prefill__C3,15360,32,0.05,256,6,8,0.0005337116046213269,0.31640625,1.0,1.0,0.0004963097061981468,0.002996309706198147,0.05,-2.7755575615628914e-17,-1.62223076777342e-18,0.16601975487177206,0.37622354796142843,64,512,lut16
eval_005,prefill__C3,15360,64,0.05,256,0,8,0.0004641226051892342,0.62109375,1.0,1.0,0.0004963097061981468,0.0029963097061981472,0.05,0.0,0.0,0.12280438419063776,0.30316502616518043,64,512,lut16
