family,K,support,energy_ratio,threshold_calibrated_on_support_256,rate,calibration_draws,test_draws
lut8,1,1,1.0,6.600795467117187,0.00769,100000,100000
lut8,1,1,1.4,6.600795467117187,0.03136,100000,100000
lut8,1,1,2.0,6.600795467117187,0.07031,100000,100000
lut8,1,1,8.0,6.600795467117187,0.36549,100000,100000
lut8,2,1,1.0,4.6012645308738085,0.00707,100000,100000
lut8,2,1,1.4,4.6012645308738085,0.03679,100000,100000
lut8,2,1,2.0,4.6012645308738085,0.10056,100000,100000
lut8,2,1,8.0,4.6012645308738085,0.56351,100000,100000
lut8,4,1,1.0,3.332280442536984,0.00659,100000,100000
lut8,4,1,1.4,3.332280442536984,0.04874,100000,100000
lut8,4,1,2.0,3.332280442536984,0.15639,100000,100000
lut8,4,1,8.0,3.332280442536984,0.79812,100000,100000
lut8,8,1,1.0,2.5125914059918752,0.00726,100000,100000
lut8,8,1,1.4,2.5125914059918752,0.06985,100000,100000
lut8,8,1,2.0,2.5125914059918752,0.2664,100000,100000
lut8,8,1,8.0,2.5125914059918752,0.9617,100000,100000
lut8,16,1,1.0,1.9995937010479006,0.00795,100000,100000
lut8,16,1,1.4,1.9995937010479006,0.11505,100000,100000
lut8,16,1,2.0,1.9995937010479006,0.46097,100000,100000
lut8,16,1,8.0,1.9995937010479006,0.99892,100000,100000
lut8,32,1,1.0,1.672125011470811,0.0079,100000,100000
lut8,32,1,1.4,1.672125011470811,0.20497,100000,100000
lut8,32,1,2.0,1.672125011470811,0.7352,100000,100000
lut8,32,1,8.0,1.672125011470811,1.0,100000,100000
lut8,1,16,1.0,6.600795467117187,0.01016,100000,100000
lut8,1,16,1.4,6.600795467117187,0.02985,100000,100000
lut8,1,16,2.0,6.600795467117187,0.0695,100000,100000
lut8,1,16,8.0,6.600795467117187,0.36363,100000,100000
lut8,2,16,1.0,4.6012645308738085,0.01006,100000,100000
lut8,2,16,1.4,4.6012645308738085,0.03815,100000,100000
lut8,2,16,2.0,4.6012645308738085,0.0996,100000,100000
lut8,2,16,8.0,4.6012645308738085,0.56299,100000,100000
lut8,4,16,1.0,3.332280442536984,0.01007,100000,100000
lut8,4,16,1.4,3.332280442536984,0.04965,100000,100000
lut8,4,16,2.0,3.332280442536984,0.15378,100000,100000
lut8,4,16,8.0,3.332280442536984,0.79718,100000,100000
lut8,8,16,1.0,2.5125914059918752,0.01036,100000,100000
lut8,8,16,1.4,2.5125914059918752,0.07347,100000,100000
lut8,8,16,2.0,2.5125914059918752,0.262,100000,100000
lut8,8,16,8.0,2.5125914059918752,0.96078,100000,100000
lut8,16,16,1.0,1.9995937010479006,0.01082,100000,100000
lut8,16,16,1.4,1.9995937010479006,0.11857,100000,100000
lut8,16,16,2.0,1.9995937010479006,0.4532,100000,100000
lut8,16,16,8.0,1.9995937010479006,0.99901,100000,100000
lut8,32,16,1.0,1.672125011470811,0.01004,100000,100000
lut8,32,16,1.4,1.672125011470811,0.20933,100000,100000
lut8,32,16,2.0,1.672125011470811,0.72954,100000,100000
lut8,32,16,8.0,1.672125011470811,1.0,100000,100000
lut8,1,256,1.0,6.600795467117187,0.01024,100000,100000
lut8,1,256,1.4,6.600795467117187,0.02974,100000,100000
lut8,1,256,2.0,6.600795467117187,0.06883,100000,100000
lut8,1,256,8.0,6.600795467117187,0.36308,100000,100000
lut8,2,256,1.0,4.6012645308738085,0.0103,100000,100000
lut8,2,256,1.4,4.6012645308738085,0.03809,100000,100000
lut8,2,256,2.0,4.6012645308738085,0.10223,100000,100000
lut8,2,256,8.0,4.6012645308738085,0.56247,100000,100000
lut8,4,256,1.0,3.332280442536984,0.01032,100000,100000
lut8,4,256,1.4,3.332280442536984,0.05057,100000,100000
lut8,4,256,2.0,3.332280442536984,0.15669,100000,100000
lut8,4,256,8.0,3.332280442536984,0.79702,100000,100000
lut8,8,256,1.0,2.5125914059918752,0.01066,100000,100000
lut8,8,256,1.4,2.5125914059918752,0.0735,100000,100000
lut8,8,256,2.0,2.5125914059918752,0.26382,100000,100000
lut8,8,256,8.0,2.5125914059918752,0.96149,100000,100000
lut8,16,256,1.0,1.9995937010479006,0.01064,100000,100000
lut8,16,256,1.4,1.9995937010479006,0.11794,100000,100000
lut8,16,256,2.0,1.9995937010479006,0.45417,100000,100000
lut8,16,256,8.0,1.9995937010479006,0.99881,100000,100000
lut8,32,256,1.0,1.672125011470811,0.0098,100000,100000
lut8,32,256,1.4,1.672125011470811,0.20718,100000,100000
lut8,32,256,2.0,1.672125011470811,0.73161,100000,100000
lut8,32,256,8.0,1.672125011470811,1.0,100000,100000
gaussian,1,1,1.0,6.6039168653151705,0.01012,100000,100000
gaussian,1,1,1.4,6.6039168653151705,0.02986,100000,100000
gaussian,1,1,2.0,6.6039168653151705,0.06815,100000,100000
gaussian,1,1,8.0,6.6039168653151705,0.36404,100000,100000
gaussian,2,1,1.0,4.578595168892896,0.00981,100000,100000
gaussian,2,1,1.4,4.578595168892896,0.03716,100000,100000
gaussian,2,1,2.0,4.578595168892896,0.09956,100000,100000
gaussian,2,1,8.0,4.578595168892896,0.56389,100000,100000
gaussian,4,1,1.0,3.316548484536245,0.00978,100000,100000
gaussian,4,1,1.4,3.316548484536245,0.04972,100000,100000
gaussian,4,1,2.0,3.316548484536245,0.15586,100000,100000
gaussian,4,1,8.0,3.316548484536245,0.79896,100000,100000
gaussian,8,1,1.0,2.519404197637365,0.00943,100000,100000
gaussian,8,1,1.4,2.519404197637365,0.07148,100000,100000
gaussian,8,1,2.0,2.519404197637365,0.25883,100000,100000
gaussian,8,1,8.0,2.519404197637365,0.9611,100000,100000
gaussian,16,1,1.0,2.0031490054732037,0.00947,100000,100000
gaussian,16,1,1.4,2.0031490054732037,0.11568,100000,100000
gaussian,16,1,2.0,2.0031490054732037,0.45245,100000,100000
gaussian,16,1,8.0,2.0031490054732037,0.99882,100000,100000
gaussian,32,1,1.0,1.6699598066285215,0.01038,100000,100000
gaussian,32,1,1.4,1.6699598066285215,0.20811,100000,100000
gaussian,32,1,2.0,1.6699598066285215,0.73101,100000,100000
gaussian,32,1,8.0,1.6699598066285215,1.0,100000,100000
gaussian,1,16,1.0,6.6039168653151705,0.01045,100000,100000
gaussian,1,16,1.4,6.6039168653151705,0.02983,100000,100000
gaussian,1,16,2.0,6.6039168653151705,0.06875,100000,100000
gaussian,1,16,8.0,6.6039168653151705,0.36258,100000,100000
gaussian,2,16,1.0,4.578595168892896,0.01058,100000,100000
gaussian,2,16,1.4,4.578595168892896,0.03885,100000,100000
gaussian,2,16,2.0,4.578595168892896,0.10181,100000,100000
gaussian,2,16,8.0,4.578595168892896,0.56455,100000,100000
gaussian,4,16,1.0,3.316548484536245,0.01011,100000,100000
gaussian,4,16,1.4,3.316548484536245,0.05116,100000,100000
gaussian,4,16,2.0,3.316548484536245,0.15653,100000,100000
gaussian,4,16,8.0,3.316548484536245,0.7992,100000,100000
gaussian,8,16,1.0,2.519404197637365,0.00938,100000,100000
gaussian,8,16,1.4,2.519404197637365,0.07077,100000,100000
gaussian,8,16,2.0,2.519404197637365,0.25874,100000,100000
gaussian,8,16,8.0,2.519404197637365,0.96089,100000,100000
gaussian,16,16,1.0,2.0031490054732037,0.00955,100000,100000
gaussian,16,16,1.4,2.0031490054732037,0.11507,100000,100000
gaussian,16,16,2.0,2.0031490054732037,0.44943,100000,100000
gaussian,16,16,8.0,2.0031490054732037,0.9988,100000,100000
gaussian,32,16,1.0,1.6699598066285215,0.01056,100000,100000
gaussian,32,16,1.4,1.6699598066285215,0.20784,100000,100000
gaussian,32,16,2.0,1.6699598066285215,0.73273,100000,100000
gaussian,32,16,8.0,1.6699598066285215,1.0,100000,100000
gaussian,1,256,1.0,6.6039168653151705,0.01003,100000,100000
gaussian,1,256,1.4,6.6039168653151705,0.02975,100000,100000
gaussian,1,256,2.0,6.6039168653151705,0.06898,100000,100000
gaussian,1,256,8.0,6.6039168653151705,0.36309,100000,100000
gaussian,2,256,1.0,4.578595168892896,0.00988,100000,100000
gaussian,2,256,1.4,4.578595168892896,0.03707,100000,100000
gaussian,2,256,2.0,4.578595168892896,0.10048,100000,100000
gaussian,2,256,8.0,4.578595168892896,0.56461,100000,100000
gaussian,4,256,1.0,3.316548484536245,0.00978,100000,100000
gaussian,4,256,1.4,3.316548484536245,0.05004,100000,100000
gaussian,4,256,2.0,3.316548484536245,0.15654,100000,100000
gaussian,4,256,8.0,3.316548484536245,0.80158,100000,100000
gaussian,8,256,1.0,2.519404197637365,0.00999,100000,100000
gaussian,8,256,1.4,2.519404197637365,0.07169,100000,100000
gaussian,8,256,2.0,2.519404197637365,0.25879,100000,100000
gaussian,8,256,8.0,2.519404197637365,0.9613,100000,100000
gaussian,16,256,1.0,2.0031490054732037,0.01072,100000,100000
gaussian,16,256,1.4,2.0031490054732037,0.11545,100000,100000
gaussian,16,256,2.0,2.0031490054732037,0.45057,100000,100000
gaussian,16,256,8.0,2.0031490054732037,0.99897,100000,100000
gaussian,32,256,1.0,1.6699598066285215,0.00981,100000,100000
gaussian,32,256,1.4,1.6699598066285215,0.21013,100000,100000
gaussian,32,256,2.0,1.6699598066285215,0.73025,100000,100000
gaussian,32,256,8.0,1.6699598066285215,1.0,100000,100000
